Workbook

Sheet LS results
C1: mprior | D1: um(20) | E1: diag(CM) | F1: diff | G1: chi^2 | M1: dobs | N1: fm | O1: diag(CD) | P1: chi^2
B2: 1 | C2: 0.9995 | D2: 0.99923913 | E2: 0.0025 | F2: =C2-D2 -> 0.00026087194 | G2: =F2^2/E2 -> 2.7221668e-05 | M2: 5.6016186 | N2: 5.6021952 | O2: 3.230775e-07 | P2: =(M2-N2)^2/O2 -> 1.0289069
B3: 2 | C3: 100.18 | D3: 100.2329 | E3: 0.25 | F3: =C3-D3 -> -0.052904413 | G3: =F3^2/E3 -> 0.011195507 | M3: 2.6209444 | N3: 2.6206851 | O3: 7.5985025e-08 | P3: =(M3-N3)^2/O3 -> 0.88495195 | S3: covMeas:
A4: g205 | B4: 3 | C4: 0.9995 | D4: 0.99937195 | E4: 0.0025 | F4: =C4-D4 -> 0.00012805036 | G4: =F4^2/E4 -> 6.5587578e-06 | M4: 5.6188561 | N4: 5.6203238 | O4: 3.5883641e-07 | P4: =(M4-N4)^2/O4 -> 6.003611 | S4: 8.9619356e-11 | T4: 4.923454e-09
B5: 4 | C5: 0.9995 | D5: 0.99952751 | E5: 0.0025 | F5: =C5-D5 -> -2.7514779e-05 | G5: =F5^2/E5 -> 3.0282522e-07 | M5: 1.0051626 | N5: 1.0046582 | O5: 2.7053165e-08 | P5: =(M5-N5)^2/O5 -> 9.4049646 | S5: 4.9234391e-09 | T5: 1.2018978e-06
B6: 5 | C6: 0.9995 | D6: 0.99941818 | E6: 0.0025 | F6: =C6-D6 -> 8.1820376e-05 | G6: =F6^2/E6 -> 2.6778296e-06 | M6: 5.6063673 | N6: 5.6066603 | O6: 2.6607803e-07 | P6: =(M6-N6)^2/O6 -> 0.32262216
B7: 6 | C7: 0.9995 | D7: 0.99969653 | E7: 0.0025 | F7: =C7-D7 -> -0.00019652734 | G7: =F7^2/E7 -> 1.5449197e-05 | M7: 2.62198 | N7: 2.6220276 | O7: 4.0048572e-08 | P7: =(M7-N7)^2/O7 -> 0.056672999 | S7: covsys:
B8: 7 | C8: 0.9995 | D8: 0.9995359 | E8: 0.0025 | F8: =C8-D8 -> -3.5904011e-05 | G8: =F8^2/E8 -> 5.1563919e-07 | M8: 5.6217306 | N8: 5.6219462 | O8: 2.5084642e-07 | P8: =(M8-N8)^2/O8 -> 0.18518801 | S8: 7.0429689e-08 | T8: -5.6676455e-06
B9: 8 | C9: 0.9995 | D9: 0.99894302 | E9: 0.0025 | F9: =C9-D9 -> 0.00055697545 | G9: =F9^2/E9 -> 0.00012408866 | M9: 1.003841 | N9: 1.003913 | O9: 1.4839805e-08 | P9: =(M9-N9)^2/O9 -> 0.34916426 | S9: -5.6676455e-06 | T9: 0.00054242784
B10: 9 | C10: 0.9995 | D10: 0.99922454 | E10: 0.0025 | F10: =C10-D10 -> 0.00027545978 | G10: =F10^2/E10 -> 3.0351235e-05 | M10: 5.6088549 | N10: 5.6085169 | O10: 1.9108379e-07 | P10: =(M10-N10)^2/O10 -> 0.59765299
B11: 10 | C11: 0.9995 | D11: 0.99981826 | E11: 0.0025 | F11: =C11-D11 -> -0.00031825998 | G11: =F11^2/E11 -> 4.0515767e-05 | M11: 2.6229663 | N11: 2.6225857 | O11: 4.3914911e-08 | P11: =(M11-N11)^2/O11 -> 3.2974517 | S11: covTot:
B12: 11 | C12: 0.9995 | D12: 0.99856599 | E12: 0.0025 | F12: =C12-D12 -> 0.0009340085 | G12: =F12^2/E12 -> 0.00034894875 | M12: 5.6230864 | N12: 5.6226205 | O12: 1.728681e-07 | P12: =(M12-N12)^2/O12 -> 1.2557317 | S12: =S4+S8 -> 7.0519308e-08 | T12: =T4+T8 -> -5.662722e-06
B13: 12 | C13: 0.9995 | D13: 0.99902063 | E13: 0.0025 | F13: =C13-D13 -> 0.00047936913 | G13: =F13^2/E13 -> 9.1917905e-05 | M13: 1.0034563 | N13: 1.0036035 | O13: 1.262794e-08 | P13: =(M13-N13)^2/O13 -> 1.7150598 | S13: =S5+S9 -> -5.662722e-06 | T13: =T5+T9 -> 0.00054362974
B14: 13 | C14: 0.9995 | D14: 1.000107 | E14: 0.0025 | F14: =C14-D14 -> -0.00060698272 | G14: =F14^2/E14 -> 0.00014737121 | M14: 5.6109821 | N14: 5.6108862 | O14: 1.9671073e-07 | P14: =(M14-N14)^2/O14 -> 0.046756778
B15: 14 | C15: 0.9995 | D15: 1.0000594 | E15: 0.0025 | F15: =C15-D15 -> -0.00055936087 | G15: =F15^2/E15 -> 0.00012515383 | M15: 2.6231195 | N15: 2.6232978 | O15: 4.1971731e-08 | P15: =(M15-N15)^2/O15 -> 0.75727003 | S15: 2-sigma meas | T15: 2-sigma abs | U15: 2-sigma ppm | V15: rho
B16: 15 | C16: 0.9995 | D16: 0.99984453 | E16: 0.0025 | F16: =C16-D16 -> -0.00034452764 | G16: =F16^2/E16 -> 4.7479718e-05 | M16: 5.623592 | N16: 5.6234808 | O16: 2.0173946e-07 | P16: =(M16-N16)^2/O16 -> 0.06127021 | R16: =D2 -> 0.99923913 | S16: =2*SQRT(S4) -> 1.89335e-05 | T16: =2*SQRT(S12) -> 0.00053110944 | U16: =T16/R16*10^6 -> 531.51385 | V16: =T12/SQRT(S12*T13) -> -0.91457562
B17: 16 | C17: 0.9995 | D17: 1.000178 | E17: 0.0025 | F17: =C17-D17 -> -0.00067797712 | G17: =F17^2/E17 -> 0.00018386119 | M17: 1.0033153 | N17: 1.0032088 | O17: 1.6034859e-08 | P17: =(M17-N17)^2/O17 -> 0.70726233 | R17: =D3 -> 100.2329 | S17: =2*SQRT(T5) -> 0.002192622 | T17: =2*SQRT(T13) -> 0.046631738 | U17: =T17/R17*10^6 -> 465.23383
B18: 17 | C18: 0.9995 | D18: 0.9997604 | E18: 0.0025 | F18: =C18-D18 -> -0.00026040356 | G18: =F18^2/E18 -> 2.7124006e-05 | M18: 5.6146422 | N18: 5.6137683 | O18: 5.1240887e-07 | P18: =(M18-N18)^2/O18 -> 1.4902248
B19: 18 | C19: 0.9995 | D19: 0.99973444 | E19: 0.0025 | F19: =C19-D19 -> -0.00023443562 | G19: =F19^2/E19 -> 2.1984023e-05 | M19: 2.6245562 | N19: 2.6241639 | O19: 1.1370354e-07 | P19: =(M19-N19)^2/O19 -> 1.3531069
B20: 19 | C20: 0.9995 | D20: 0.99963033 | E20: 0.0025 | F20: =C20-D20 -> -0.00013033241 | G20: =F20^2/E20 -> 6.7946149e-06 | M20: 5.6259698 | N20: 5.6245271 | O20: 4.8181423e-07 | P20: =(M20-N20)^2/O20 -> 4.3197807
B21: 20 | C21: 0.9995 | D21: 0.9995632 | E21: 0.0025 | F21: =C21-D21 -> -6.3201352e-05 | G21: =F21^2/E21 -> 1.5977644e-06 | M21: 1.0022983 | N21: 1.0027291 | O21: 6.7878185e-09 | P21: =(M21-N21)^2/O21 -> 27.34671
B22: 21 | C22: 0.9995 | D22: 0.99810846 | E22: 0.0025 | F22: =C22-D22 -> 0.0013915367 | G22: =F22^2/E22 -> 0.00077454972 | M22: 5.6145857 | N22: 5.6140891 | O22: 1.7586966e-07 | P22: =(M22-N22)^2/O22 -> 1.4019091
B23: 22 | C23: 0.9995 | D23: 0.99929481 | E23: 0.0025 | F23: =C23-D23 -> 0.00020519042 | G23: =F23^2/E23 -> 1.6841243e-05 | M23: 2.6246489 | N23: 2.6242603 | O23: 4.6574508e-08 | P23: =(M23-N23)^2/O23 -> 3.2416748
B24: 23 | C24: 0.9995 | D24: 0.99942372 | E24: 0.0025 | F24: =C24-D24 -> 7.6279545e-05 | G24: =F24^2/E24 -> 2.3274276e-06 | M24: 5.6250753 | N24: 5.6246435 | O24: 1.9294238e-07 | P24: =(M24-N24)^2/O24 -> 0.96609125
B25: 24 | C25: 0.9995 | D25: 0.99884479 | E25: 0.0025 | F25: =C25-D25 -> 0.00065521374 | G25: =F25^2/E25 -> 0.00017172202 | M25: 1.002925 | N25: 1.0026757 | O25: 2.1850344e-08 | P25: =(M25-N25)^2/O25 -> 2.8433754
B26: 25 | C26: 0.9995 | D26: 0.99888306 | E26: 0.0025 | F26: =C26-D26 -> 0.00061693973 | G26: =F26^2/E26 -> 0.00015224585 | M26: 5.6149029 | N26: 5.6153576 | O26: 1.6482519e-07 | P26: =(M26-N26)^2/O26 -> 1.2546161
B27: 26 | C27: 0.9995 | D27: 0.99971313 | E27: 0.0025 | F27: =C27-D27 -> -0.00021312535 | G27: =F27^2/E27 -> 1.8168965e-05 | M27: 2.6243885 | N27: 2.6246415 | O27: 7.3570734e-08 | P27: =(M27-N27)^2/O27 -> 0.8696621
B28: 27 | C28: 0.9995 | D28: 0.9995403 | E28: 0.0025 | F28: =C28-D28 -> -4.0301691e-05 | G28: =F28^2/E28 -> 6.4969053e-07 | M28: 5.6244034 | N28: 5.6251039 | O28: 2.6170907e-07 | P28: =(M28-N28)^2/O28 -> 1.8748594
B29: 28 | C29: 0.9995 | D29: 0.99938082 | E29: 0.0025 | F29: =C29-D29 -> 0.00011918439 | G29: =F29^2/E29 -> 5.6819679e-06 | M29: 1.0025609 | N29: 1.0024648 | O29: 1.7220612e-08 | P29: =(M29-N29)^2/O29 -> 0.53710724
... B49: 48 | C49: 0.9995 | D49: 0.99908714 | E49: 0.0025 | F49: =C49-D49 -> 0.00041285968 | G49: =F49^2/E49 -> 6.8181246e-05 | M49: 1.0013533 | N49: 1.0012496 | O49: 8.3540761e-09 | P49: =(M49-N49)^2/O49 -> 1.2871038
A50: g207 | B50: 49 | C50: 0.9995 | D50: 0.99940567 | E50: 0.0025 | F50: =C50-D50 -> 9.4327984e-05 | G50: =F50^2/E50 -> 3.5591074e-06 | M50: 5.6244174 | N50: 5.624305 | O50: 7.9893248e-08 | P50: =(M50-N50)^2/O50 -> 0.15811426
B51: 50 | C51: 0.9995 | D51: 0.99931014 | E51: 0.0025 | F51: =C51-D51 -> 0.0001898645 | G51: =F51^2/E51 -> 1.4419411e-05 | M51: 2.6271905 | N51: 2.627329 | O51: 2.7491968e-08 | P51: =(M51-N51)^2/O51 -> 0.69790075
B52: 51 | C52: 0.9995 | D52: 0.99948786 | E52: 0.0025 | F52: =C52-D52 -> 1.2137009e-05 | G52: =F52^2/E52 -> 5.8922793e-08 | M52: 5.6284969 | N52: 5.6283491 | O52: 7.3406225e-08 | P52: =(M52-N52)^2/O52 -> 0.29730334
B53: 52 | C53: 0.9995 | D53: 0.99932874 | E53: 0.0025 | F53: =C53-D53 -> 0.00017126075 | G53: =F53^2/E53 -> 1.1732098e-05 | M53: 1.0011171 | N53: 1.0009794 | O53: 6.8592796e-09 | P53: =(M53-N53)^2/O53 -> 2.7653209
B54: 53 | C54: 0.9995 | D54: 0.99949187 | E54: 0.0025 | F54: =C54-D54 -> 8.1332779e-06 | G54: =F54^2/E54 -> 2.6460084e-08 | M54: 5.626484 | N54: 5.6262592 | O54: 2.4775636e-07 | P54: =(M54-N54)^2/O54 -> 0.20401977
B55: 54 | C55: 0.9995 | D55: 0.99934982 | E55: 0.0025 | F55: =C55-D55 -> 0.00015017746 | G55: =F55^2/E55 -> 9.0213078e-06 | M55: 2.6280018 | N55: 2.6279158 | O55: 4.9372467e-08 | P55: =(M55-N55)^2/O55 -> 0.15002389
B56: 55 | C56: 0.9995 | D56: 0.99944547 | E56: 0.0025 | F56: =C56-D56 -> 5.4525643e-05 | G56: =F56^2/E56 -> 1.1892183e-06 | M56: 5.6292936 | N56: 5.6290575 | O56: 2.0523014e-07 | P56: =(M56-N56)^2/O56 -> 0.27164511
B57: 56 | C57: 0.9995 | D57: 0.99799696 | E57: 0.0025 | F57: =C57-D57 -> 0.0015030437 | G57: =F57^2/E57 -> 0.00090365613 | M57: 1.0006297 | N57: 1.0006556 | O57: 6.1978613e-09 | P57: =(M57-N57)^2/O57 -> 0.10773439
B58: 57 | C58: 0.9995 | D58: 0.99932117 | E58: 0.0025 | F58: =C58-D58 -> 0.00017882992 | G58: =F58^2/E58 -> 1.2792056e-05 | M58: 5.627539 | N58: 5.6269745 | O58: 1.9178888e-07 | P58: =(M58-N58)^2/O58 -> 1.6620494
B59: 58 | C59: 0.9995 | D59: 0.99900299 | E59: 0.0025 | F59: =C59-D59 -> 0.00049700676 | G59: =F59^2/E59 -> 9.8806289e-05 | M59: 2.628274 | N59: 2.6281305 | O59: 3.4808236e-08 | P59: =(M59-N59)^2/O59 -> 0.59123485
B60: 59 | C60: 0.9995 | D60: 0.99869166 | E60: 0.0025 | F60: =C60-D60 -> 0.00080833718 | G60: =F60^2/E60 -> 0.0002613636 | M60: 5.63007 | N60: 5.6293167 | O60: 1.7312263e-07 | P60: =(M60-N60)^2/O60 -> 3.2772693
B61: 60 | C61: 0.9995 | D61: 0.9983772 | E61: 0.0025 | F61: =C61-D61 -> 0.001122796 | G61: =F61^2/E61 -> 0.00050426835 | M61: 1.0004264 | N61: 1.0005371 | O61: 6.023305e-09 | P61: =(M61-N61)^2/O61 -> 2.0357659
B62: 61 | C62: 0.9995 | D62: 0.9990672 | E62: 0.0025 | F62: =C62-D62 -> 0.00043280256 | G62: =F62^2/E62 -> 7.4927224e-05 | M62: 5.6263885 | N62: 5.6263225 | O62: 1.4170271e-07 | P62: =(M62-N62)^2/O62 -> 0.030725632
... B95: 94 | C95: 0.9995 | D95: 0.99968612 | E95: 0.0025 | F95: =C95-D95 -> -0.0001861221 | G95: =F95^2/E95 -> 1.3856575e-05 | M95: 0.99274917 | N95: 0.99267993 | O95: 2.0991069e-09 | P95: =(M95-N95)^2/O95 -> 2.2839869
A96: r76b | B96: 95 | C96: 0.83704508 | D96: 0.83402781 | E96: 4.78919e-05 | F96: =C96-D96 -> 0.0030172713 | G96: =F96^2/E96 -> 0.19009323 | M96: 0.59604588 | N96: 0.59611179 | O96: 5.225315e-10 | P96: =(M96-N96)^2/O96 -> 8.312868
B97: 96 | C97: 0.83704508 | D97: 0.83530863 | E97: 4.78919e-05 | F97: =C97-D97 -> 0.0017364576 | G97: =F97^2/E97 -> 0.062960231 | M97: 0.9926195 | N97: 0.99275316 | O97: 1.4630456e-09 | P97: =(M97-N97)^2/O97 -> 12.209637
B98: 97 | C98: 0.83704508 | D98: 0.83843567 | E98: 4.78919e-05 | F98: =C98-D98 -> -0.0013905886 | G98: =F98^2/E98 -> 0.040377114 | M98: 0.5961411 | N98: 0.59607839 | O98: 1.0118407e-09 | P98: =(M98-N98)^2/O98 -> 3.8872964
B99: 98 | C99: 0.83704508 | D99: 0.83647473 | E99: 4.78919e-05 | F99: =C99-D99 -> 0.0005703543 | G99: =F99^2/E99 -> 0.0067924644 | M99: 0.99287902 | N99: 0.99279064 | O99: 1.8501873e-09 | P99: =(M99-N99)^2/O99 -> 4.2215508
B100: 99 | C100: 0.83704508 | D100: 0.83773871 | E100: 4.78919e-05 | F100: =C100-D100 -> -0.00069363072 | G100: =F100^2/E100 -> 0.010046032 | M100: 0.59620746 | N100: 0.59615936 | O100: 1.2625947e-09 | P100: =(M100-N100)^2/O100 -> 1.8328123
B101: 100 | C101: 0.83704508 | D101: 0.83667304 | E101: 4.78919e-05 | F101: =C101-D101 -> 0.00037204783 | G101: =F101^2/E101 -> 0.0028902505 | M101: 0.99276246 | N101: 0.99269979 | O101: 1.952802e-09 | P101: =(M101-N101)^2/O101 -> 2.0114587
B102: 101 | C102: 0.83704508 | D102: 0.83325984 | E102: 4.78919e-05 | F102: =C102-D102 -> 0.0037852459 | G102: =F102^2/E102 -> 0.29917557 | M102: 0.5960991 | N102: 0.59612686 | O102: 1.1080105e-09 | P102: =(M102-N102)^2/O102 -> 0.69532845
B103: 102 | C103: 0.83704508 | D103: 0.83709175 | E103: 4.78919e-05 | F103: =C103-D103 -> -4.6666952e-05 | G103: =F103^2/E103 -> 4.5473335e-05 | M103: 0.99270032 | N103: 0.99273625 | O103: 1.722812e-09 | P103: =(M103-N103)^2/O103 -> 0.74913665
B104: 103 | C104: 0.83704508 | D104: 0.83736896 | E104: 4.78919e-05 | F104: =C104-D104 -> -0.00032387124 | G104: =F104^2/E104 -> 0.0021901945 | M104: 0.5960608 | N104: 0.59605183 | O104: 6.7348693e-10 | P104: =(M104-N104)^2/O104 -> 0.11928649
B105: 104 | C105: 0.83704508 | D105: 0.83718283 | E105: 4.78919e-05 | F105: =C105-D105 -> -0.00013775069 | G105: =F105^2/E105 -> 0.00039621007 | M105: 0.99283818 | N105: 0.99282043 | O105: 1.9688261e-09 | P105: =(M105-N105)^2/O105 -> 0.15992998
B106: 105 | C106: 0.83704508 | D106: 0.83698148 | E106: 4.78919e-05 | F106: =C106-D106 -> 6.3602304e-05 | G106: =F106^2/E106 -> 8.4466332e-05 | M106: 0.59621881 | N106: 0.59616642 | O106: 7.2543444e-10 | P106: =(M106-N106)^2/O106 -> 3.7830972
B107: 106 | C107: 0.83704508 | D107: 0.84160873 | E107: 4.78919e-05 | F107: =C107-D107 -> -0.0045636452 | G107: =F107^2/E107 -> 0.43487224 | M107: 0.99280959 | N107: 0.99269186 | O107: 2.3252514e-09 | P107: =(M107-N107)^2/O107 -> 5.9603492
B108: 107 | C108: 0.83704508 | D108: 0.83439035 | E108: 4.78919e-05 | F108: =C108-D108 -> 0.0026547305 | G108: =F108^2/E108 -> 0.14715629 | M108: 0.59603428 | N108: 0.59607831 | O108: 6.4929613e-10 | P108: =(M108-N108)^2/O108 -> 2.9855264
... B141: 140 | C141: 0.83704508 | D141: 0.83352664 | E141: 4.78919e-05 | F141: =C141-D141 -> 0.0035184481 | G141: =F141^2/E141 -> 0.2584879 | M141: 2.5511662 | N141: 2.5510566 | O141: 2.2659114e-08 | P141: =(M141-N141)^2/O141 -> 0.53051819
A142: r86b | B142: 141 | C142: 2.0429115 | D142: 2.0387259 | E142: 0.0004594616 | F142: =C142-D142 -> 0.0041855207 | G142: =F142^2/E142 -> 0.038128503 | M142: 5.468757 | N142: 5.4685002 | O142: 1.2554322e-07 | P142: =(M142-N142)^2/O142 -> 0.52525637
B143: 142 | C143: 2.0429115 | D143: 2.0482463 | E143: 0.0004594616 | F143: =C143-D143 -> -0.0053348327 | G143: =F143^2/E143 -> 0.061943022 | M143: 1.003592 | N143: 1.003288 | O143: 6.6508159e-09 | P143: =(M143-N143)^2/O143 -> 13.900474
B144: 143 | C144: 2.0429115 | D144: 2.0501236 | E144: 0.0004594616 | F144: =C144-D144 -> -0.0072121323 | G144: =F144^2/E144 -> 0.11320827 | M144: 5.4592602 | N144: 5.4582783 | O144: 1.9294073e-07 | P144: =(M144-N144)^2/O144 -> 4.9972177
B145: 144 | C145: 2.0429115 | D145: 2.0477192 | E145: 0.0004594616 | F145: =C145-D145 -> -0.0048077822 | G145: =F145^2/E145 -> 0.050308382 | M145: 2.5519623 | N145: 2.5516821 | O145: 4.9886073e-08 | P145: =(M145-N145)^2/O145 -> 1.5731708
B146: 145 | C146: 2.0429115 | D146: 2.0458177 | E146: 0.0004594616 | F146: =C146-D146 -> -0.0029061975 | G146: =F146^2/E146 -> 0.01838235 | M146: 5.4705918 | N146: 5.4692539 | O146: 1.8981725e-07 | P146: =(M146-N146)^2/O146 -> 9.430174
B147: 146 | C147: 2.0429115 | D147: 2.0421167 | E147: 0.0004594616 | F147: =C147-D147 -> 0.00079477128 | G147: =F147^2/E147 -> 0.001374786 | M147: 1.0027893 | N147: 1.0029181 | O147: 8.8443198e-09 | P147: =(M147-N147)^2/O147 -> 1.8769638
B148: 147 | C148: 2.0429115 | D148: 2.0253552 | E148: 0.0004594616 | F148: =C148-D148 -> 0.017556244 | G148: =F148^2/E148 -> 0.67083236 | M148: 5.4599756 | N148: 5.4600712 | O148: 1.0386082e-07 | P148: =(M148-N148)^2/O148 -> 0.087824345
B149: 148 | C149: 2.0429115 | D149: 2.0430151 | E149: 0.0004594616 | F149: =C149-D149 -> -0.00010363623 | G149: =F149^2/E149 -> 2.3376204e-05 | M149: 2.5523905 | N149: 2.5522124 | O149: 3.253092e-08 | P149: =(M149-N149)^2/O149 -> 0.97443949
B150: 149 | C150: 2.0429115 | D150: 2.0429645 | E150: 0.0004594616 | F150: =C150-D150 -> -5.3077914e-05 | G150: =F150^2/E150 -> 6.1316657e-06 | M150: 5.4698236 | N150: 5.4698928 | O150: 1.0451928e-07 | P150: =(M150-N150)^2/O150 -> 0.045731471
B151: 150 | C151: 2.0429115 | D151: 2.0428752 | E151: 0.0004594616 | F151: =C151-D151 -> 3.624612e-05 | G151: =F151^2/E151 -> 2.8593928e-06 | M151: 1.002484 | N151: 1.0026048 | O151: 3.174877e-08 | P151: =(M151-N151)^2/O151 -> 0.45976875
B152: 151 | C152: 2.0429115 | D152: 2.0426931 | E152: 0.0004594616 | F152: =C152-D152 -> 0.00021837691 | G152: =F152^2/E152 -> 0.00010379208 | M152: 5.461603 | N152: 5.4616185 | O152: 1.8571904e-07 | P152: =(M152-N152)^2/O152 -> 0.0013001361
B153: 152 | C153: 2.0429115 | D153: 2.0413348 | E153: 0.0004594616 | F153: =C153-D153 -> 0.0015766578 | G153: =F153^2/E153 -> 0.0054103539 | M153: 2.552753 | N153: 2.5526701 | O153: 4.0187216e-08 | P153: =(M153-N153)^2/O153 -> 0.17108578
B154: 153 | C154: 2.0429115 | D154: 2.0405543 | E154: 0.0004594616 | F154: =C154-D154 -> 0.002357156 | G154: =F154^2/E154 -> 0.012092815 | M154: 5.4705972 | N154: 5.470444 | O154: 2.3463034e-07 | P154: =(M154-N154)^2/O154 -> 0.10003946
... B187: 186 | C187: 2.0429115 | D187: 2.0461819 | E187: 0.0004594616 | F187: =C187-D187 -> -0.0032704194 | G187: =F187^2/E187 -> 0.023278644 | M187: 1.0005937 | N187: 1.00059 | O187: 1.0915633e-08 | P187: =(M187-N187)^2/O187 -> 0.0012129986
A188: rUgt | B188: 187 | C188: 0.5951526 | D188: 0.59739386 | E188: 0.35420661 | F188: =C188-D188 -> -0.0022412682 | G188: =F188^2/E188 -> 1.4181788e-05 | M188: 5.4718078 | N188: 5.4720295 | O188: 8.4633066e-08 | P188: =(M188-N188)^2/O188 -> 0.58067924
B189: 188 | C189: 0.57909578 | D189: 0.58090884 | E189: 0.33535192 | F189: =C189-D189 -> -0.0018130605 | G189: =F189^2/E189 -> 9.8022051e-06 | M189: 2.5553194 | N189: 2.5557479 | O189: 3.1883867e-08 | P189: =(M189-N189)^2/O189 -> 5.7574083
B190: 189 | C190: 0.58402963 | D190: 0.58596395 | E190: 0.3410906 | F190: =C190-D190 -> -0.0019343215 | G190: =F190^2/E190 -> 1.0969519e-05 | M190: 5.4740845 | N190: 5.4741504 | O190: 1.1541587e-07 | P190: =(M190-N190)^2/O190 -> 0.037597049
B191: 190 | C191: 0.65104682 | D191: 0.65383551 | E191: 0.42386197 | F191: =C191-D191 -> -0.0027886833 | G191: =F191^2/E191 -> 1.8347375e-05 | M191: 1.000555 | N191: 1.0005202 | O191: 1.3460343e-08 | P191: =(M191-N191)^2/O191 -> 0.089805011
B192: 191 | C192: 0.32416736 | D192: 0.32302729 | E192: 0.10508448 | F192: =C192-D192 -> 0.0011400719 | G192: =F192^2/E192 -> 1.2368753e-05 | M192: 5.4726718 | N192: 5.4722808 | O192: 1.097792e-07 | P192: =(M192-N192)^2/O192 -> 1.3924798
B193: 192 | C193: 0.25188984 | D193: 0.25048948 | E193: 0.063448491 | F193: =C193-D193 -> 0.0014003559 | G193: =F193^2/E193 -> 3.0906909e-05 | M193: 2.5561422 | N193: 2.5558222 | O193: 2.6844729e-08 | P193: =(M193-N193)^2/O193 -> 3.8150562
B194: 193 | C194: 0.23143406 | D194: 0.22947644 | E194: 0.053561723 | F194: =C194-D194 -> 0.0019576177 | G194: =F194^2/E194 -> 7.1548618e-05 | M194: 5.4747832 | N194: 5.4742398 | O194: 1.3507709e-07 | P194: =(M194-N194)^2/O194 -> 2.1863356
B195: 194 | C195: 0.24835065 | D195: 0.24606441 | E195: 0.061678045 | F195: =C195-D195 -> 0.0022862449 | G195: =F195^2/E195 -> 8.4745156e-05 | M195: 1.0005225 | N195: 1.0004765 | O195: 1.3892007e-08 | P195: =(M195-N195)^2/O195 -> 0.15249268
B196: 195 | C196: 0.24821733 | D196: 0.24611225 | E196: 0.061611843 | F196: =C196-D196 -> 0.0021050785 | G196: =F196^2/E196 -> 7.1923761e-05 | M196: 5.4720589 | N196: 5.4720824 | O196: 1.997561e-07 | P196: =(M196-N196)^2/O196 -> 0.0027547973
B197: 196 | C197: 0.46068286 | D197: 0.45973811 | E197: 0.2122287 | F197: =C197-D197 -> 0.00094474486 | G197: =F197^2/E197 -> 4.205571e-06 | M197: 2.5556423 | N197: 2.5557635 | O197: 4.9760247e-08 | P197: =(M197-N197)^2/O197 -> 0.29508753
B198: 197 | C198: 0.46074603 | D198: 0.45960211 | E198: 0.2122869 | F198: =C198-D198 -> 0.0011439189 | G198: =F198^2/E198 -> 6.1640665e-06 | M198: 5.4740036 | N198: 5.4741692 | O198: 2.0843268e-07 | P198: =(M198-N198)^2/O198 -> 0.13159875
B199: 198 | C199: 0.54180271 | D199: 0.54303136 | E199: 0.29355017 | F199: =C199-D199 -> -0.0012286577 | G199: =F199^2/E199 -> 5.1425616e-06 | M199: 1.0005347 | N199: 1.000511 | O199: 7.7331476e-09 | P199: =(M199-N199)^2/O199 -> 0.072401899
B200: 199 | C200: 0.43333994 | D200: 0.43339046 | E200: 0.1877835 | F200: =C200-D200 -> -5.0519113e-05 | G200: =F200^2/E200 -> 1.3591081e-08 | M200: 5.4725626 | N200: 5.4726982 | O200: 1.9350296e-07 | P200: =(M200-N200)^2/O200 -> 0.095035105
... B233: 232 | C233: 0.83913243 | D233: 0.8406039 | E233: 0.70414323 | F233: =C233-D233 -> -0.0014714748 | G233: =F233^2/E233 -> 3.0749966e-06 | M233: 0.99281724 | N233: 0.99279433 | O233: 3.2183978e-09 | P233: =(M233-N233)^2/O233 -> 0.16306552
A234: rPbt | B234: 233 | C234: 0.000237931 | D234: 0.00067493512 | E234: 1.3308459e-08 | F234: =C234-D234 -> -0.00043700412 | G234: =F234^2/E234 -> 14.349715 | M234: 0.57981656 | N234: 0.57982958 | O234: 1.6406057e-09 | P234: =(M234-N234)^2/O234 -> 0.10323164
B235: 234 | C235: 0.000237931 | D235: 0.00067493512 | E235: 1.3308459e-08 | F235: =C235-D235 -> -0.00043700412 | G235: =F235^2/E235 -> 14.349715 | M235: 0.99283948 | N235: 0.9928553 | O235: 2.3689817e-09 | P235: =(M235-N235)^2/O235 -> 0.10569865
B236: 235 | C236: 0.000237931 | D236: 0.00067493512 | E236: 1.3308459e-08 | F236: =C236-D236 -> -0.00043700412 | G236: =F236^2/E236 -> 14.349715 | M236: 0.57985911 | N236: 0.57982193 | O236: 1.1661338e-09 | P236: =(M236-N236)^2/O236 -> 1.1849859
B237: 236 | C237: 0.000118966 | D237: 0.00055597012 | E237: 1.3308459e-08 | F237: =C237-D237 -> -0.00043700412 | G237: =F237^2/E237 -> 14.349715 | M237: 0.99289829 | N237: 0.99286412 | O237: 1.1371419e-09 | P237: =(M237-N237)^2/O237 -> 1.0271624
B238: 237 | C238: 0.000118966 | D238: 0.00055597012 | E238: 1.3308459e-08 | F238: =C238-D238 -> -0.00043700412 | G238: =F238^2/E238 -> 14.349715 | M238: 0.57988202 | N238: 0.57985482 | O238: 9.6631441e-10 | P238: =(M238-N238)^2/O238 -> 0.76574199
B239: 238 | C239: 0.000172915 | D239: 0.00060991912 | E239: 1.3308459e-08 | F239: =C239-D239 -> -0.00043700412 | G239: =F239^2/E239 -> 14.349715 | M239: 0.99286401 | N239: 0.99282619 | O239: 1.5961806e-09 | P239: =(M239-N239)^2/O239 -> 0.89649322
B240: 239 | C240: 0.000172664 | D240: 0.00060966812 | E240: 1.3308459e-08 | F240: =C240-D240 -> -0.00043700412 | G240: =F240^2/E240 -> 14.349715 | M240: 0.57985277 | N240: 0.5798429 | O240: 1.1099816e-09 | P240: =(M240-N240)^2/O240 -> 0.087868469
B241: 240 | C241: 0.00016476 | D241: 0.00060176412 | E241: 1.3308459e-08 | F241: =C241-D241 -> -0.00043700412 | G241: =F241^2/E241 -> 14.349715 | M241: 0.99285878 | N241: 0.99283993 | O241: 3.3713312e-09 | P241: =(M241-N241)^2/O241 -> 0.10534502
B242: 241 | C242: 0.00016476 | D242: 0.00060176412 | E242: 1.3308459e-08 | F242: =C242-D242 -> -0.00043700412 | G242: =F242^2/E242 -> 14.349715 | M242: 0.57988655 | N242: 0.57986703 | O242: 6.7630849e-10 | P242: =(M242-N242)^2/O242 -> 0.56321159
B243: 242 | C243: 0.00015965 | D243: 0.00059665412 | E243: 1.3308459e-08 | F243: =C243-D243 -> -0.00043700412 | G243: =F243^2/E243 -> 14.349715 | M243: 0.99285255 | N243: 0.99281209 | O243: 2.151826e-09 | P243: =(M243-N243)^2/O243 -> 0.76063285
B244: 243 | C244: 0.00015965 | D244: 0.00059665412 | E244: 1.3308459e-08 | F244: =C244-D244 -> -0.00043700412 | G244: =F244^2/E244 -> 14.349715 | M244: 0.57985821 | N244: 0.57979692 | O244: 9.4949031e-10 | P244: =(M244-N244)^2/O244 -> 3.9554611
B245: 244 | C245: 9.80405e-05 | D245: 0.00053504462 | E245: 1.3308459e-08 | F245: =C245-D245 -> -0.00043700412 | G245: =F245^2/E245 -> 14.349715 | M245: 0.99298383 | N245: 0.99289297 | O245: 1.8270678e-09 | P245: =(M245-N245)^2/O245 -> 4.5183425
B246: 245 | C246: 9.83458e-05 | D246: 0.00053534992 | E246: 1.3308459e-08 | F246: =C246-D246 -> -0.00043700412 | G246: =F246^2/E246 -> 14.349715 | M246: 0.57985835 | N246: 0.57982914 | O246: 1.3650323e-09 | P246: =(M246-N246)^2/O246 -> 0.62532285
... B279: 278 | C279: 0.000160994 | D279: 0.00059799812 | E279: 1.3308459e-08 | F279: =C279-D279 -> -0.00043700412 | G279: =F279^2/E279 -> 14.349715 | M279: 0.99290747 | N279: 0.9929293 | O279: 2.0382568e-09 | P279: =(M279-N279)^2/O279 -> 0.23373521
...

Sheet MC summary
B1: name | C1: values | D1: 2-sigma | E1: 2-sigma ppm
A2: ET535 | B2: 204/205 | C2: 8.9730985e-05 | D2: 1.8374032e-05
B3: 206/205 | C3: 0.00038307456 | D3: 0.00034434402
B4: 207/205 | C4: 0.00029137677 | D4: 0.00028652004
B5: 208/205 | C5: 0.00073246688 | D5: 0.00071165414
A6: ET2535 | B6: 204/205 | C6: 0.00010529586 | D6: 1.874553e-05
B7: 206/205 | C7: 0.00048799602 | D7: 0.00034004213
B8: 207/205 | C8: 0.00043695472 | D8: 0.00028182416
B9: 208/205 | C9: 0.0010535738 | D9: 0.00068494805
A10: CRM 115 | B10: 238/235 | C10: 491.54852 | D10: 0.085119747 | E10: =D10/C10*10^6 -> 173.16652
A11: CRM 112a | B11: 238/235 | C11: 137.8412 | D11: 0.023559007 | E11: =D11/C11*10^6 -> 170.91411
A12: ET535 | B12: 233/235 | C12: 0.9950618 | D12: 0.00010749504 | E12: =D12/C12*10^6 -> 108.02851
B13: 238/235 | C13: 0.0030799284 | D13: 7.9544358e-07 | E13: =D13/C13*10^6 -> 258.26691
A14: NBS 981 | B14: 204/206 | C14: 0.059007343 | D14: 2.1848329e-05 | E14: =D14/C14*10^6 -> 370.26457
B15: 207/206 | C15: 0.91468284 | D15: 0.00014531625 | E15: =D15/C15*10^6 -> 158.87064
B16: 208/206 | C16: 2.1680997 | D16: 0.00078779025 | E16: =D16/C16*10^6 -> 363.35518
A17: NBS 982 | B17: 204/206 | C17: 0.027205848 | D17: 1.0201734e-05 | E17: =D17/C17*10^6 -> 374.98313
B18: 207/206 | C18: 0.46696702 | D18: 8.1635643e-05 | E18: =D18/C18*10^6 -> 174.821
B19: 208/206 | C19: 1.0002496 | D19: 0.00038028744 | E19: =D19/C19*10^6 -> 380.19254
A20: Puratronic | B20: 204/206 | C20: 0.054886008 | D20: 2.093947e-05 | E20: =D20/C20*10^6 -> 381.50835
B21: 207/206 | C21: 0.85672018 | D21: 0.00014748012 | E21: =D21/C21*10^6 -> 172.14503
B22: 208/206 | C22: 2.1022727 | D22: 0.00078200191 | E22: =D22/C22*10^6 -> 371.9793
A23: ETsoln | B23: 206/238 | C23: 0.016716898 | D23: 3.8551147e-06 | E23: =D23/C23*10^6 -> 230.61185
A24: RPsoln | B24: 206/238 | C24: 0.094040434 | D24: 1.8033135e-05 | E24: =D24/C24*10^6 -> 191.75938
A25: JMMsoln | B25: 206/238 | C25: 0.049815379 | D25: 1.1743196e-05 | E25: =D25/C25*10^6 -> 235.73436
A26: ET2535 | B26: 202/205 | C26: 0.99923702 | D26: 0.00053077185 | E26: =D26/C26*10^6 -> 531.17712
A27: ET(2)535 | B27: 235/205 | C27: 100.23259 | D27: 0.046580161 | E27: =D27/C27*10^6 -> 464.72073
C29: 2.5285624e+08 | D29: 69338.05 | E29: =D29/C29*10^6 -> 274.21925

Sheet r85z
B1: assessing partial derivatives of 235/205 wrt IRMM 3636 U parameters
H2: J1 | J2: IRMM 3636 | O2: Covariance IRMM 3636 | Q2: IRMM 3636
B3: r233_235t | C3: 235/205t | E3: d55t_d35t | J3: 233/236 | K3: 234/236 | L3: 235/236 | M3: 238/236 | Q3: 233/236 | R3: 234/236 | S3: 235/236 | T3: 238/236
B4: 0.99506218 | C4: 100.2329 | E4: =(C5-C4)/(B5-B4) -> 154.99418 | H4: r85_U500 | I4: 238/235 | J4: -1.0195797 | K4: 0.0023910778 | L4: 0.83929915 | M4: -0.84015693 | O4: IRMM 3636 | P4: 233/236 | Q4: 6.4e-09 | R4: 0 | S4: 0 | T4: 0
B5: 0.9950612 | C5: 100.23275 | H5: r85_112a | I5: 238/235 | J5: -135.28724 | K5: 0 | L5: 434.49408 | M5: -3.1521123 | P5: 234/236 | Q5: 0 | R5: 5.76e-14 | S5: 0 | T5: 0
H6: r85_115 | I6: 238/235 | J6: -482.65484 | K6: 0 | L6: 1656.117 | M6: -3.3845968 | P6: 235/236 | Q6: 0 | R6: 0 | S6: 1.369e-15 | T6: 0
B7: r238_235t | C7: 235/205t | E7: d55t_d85t | H7: r85z | I7: 238/25 | J7: -134.15418 | K7: 0 | L7: 308.30363 | M7: -2.2367059 | P7: 238/236 | Q7: 0 | R7: 0 | S7: 0 | T7: 3.61e-14
B8: 0.0030799297 | C8: =$C$4 -> 100.2329 | E8: =(C9-C8)/(B9-B8) -> 140.93097
B9: 0.0030799266 | C9: 100.2329 | H9: J2 | J9: r85_U500 | K9: r85_112a | L9: r85_115 | M9: r85z
J10: 238/235 | K10: 238/235 | L10: 238/235 | M10: 238/25
B11: r238_235-112 | E11: d55t_d85_112a | H11: ET535 | I11: 233/235t | J11: -0.527905 | K11: -0.00097935 | L11: 0 | M11: 0
B12: 137.84136 | C12: =$C$4 -> 100.2329 | E12: =(C13-C12)/(B13-B12) -> 0.022902328 | I12: 238/235t | J12: 0.001760186 | K12: 8.22529e-06 | L12: 0 | M12: 0
B13: 137.84122 | C13: 100.2329 | H13: sample | I13: 238/235z | J13: 0 | K13: 0 | L13: 0 | M13: 1
H14: RP | I14: 206/238g | J14: 0 | K14: =-4.8519100522975*10^-6 -> -4.8519101e-06 | L14: 0 | M14: 0
B15: r238_235-115 | E15: d55t_d85_115 | H15: ET | I15: 206/238g | J15: 0 | K15: =-8.62488785450637*10^-7 -> -8.6248879e-07 | L15: 0 | M15: 0
B16: 491.54806 | C16: =$C$4 -> 100.2329 | E16: =(C17-C16)/(B17-B16) -> 0.00022461586 | H16: JMM | I16: 206/238g | J16: 0 | K16: 0 | L16: =-2.03161*10^-7 -> -2.03161e-07 | M16: 0
B17: 491.54757 | C17: 100.2329 | H17: r85_U500 | I17: 238/235 | J17: 1 | K17: 0 | L17: 0 | M17: 0
H18: r85_112a | I18: 238/235 | J18: 0 | K18: 1 | L18: 0 | M18: 0
B19: RP 206/238 | E19: d55t_d85_115 | H19: r85_115 | I19: 238/235 | J19: 0 | K19: 0 | L19: 1 | M19: 0
B20: 0.094040437 | C20: =$C$4 -> 100.2329 | E20: =(C21-C20)/(B21-B20) -> -485.82394
B21: 0.094040342 | C21: 100.23295
H22: J3 | J22: ET535 | L22: sample | M22: RP | N22: ET | O22: JMM | P22: r85_U500 | Q22: r85_112a | R22: r85_115
B23: ET 206/238 | E23: d55t_d85_115 | J23: 233/235t | K23: 238/235t | L23: 238/235z | M23: 206/238g | N23: 206/238g | O23: 206/238g | P23: 238/235 | Q23: 238/235 | R23: 238/235
B24: 0.016716885 | C24: =$C$4 -> 100.2329 | E24: =(C25-C24)/(B25-B24) -> -1489.6132 | H24: ET535 | I24: 233/235t | J24: 1 | K24: 0 | L24: 0 | M24: 0 | N24: 0 | O24: 0 | P24: 0 | Q24: 0 | R24: 0
B25: 0.016716868 | C25: 100.23293 | I25: 238/235t | J25: 0 | K25: 1 | L25: 0 | M25: 0 | N25: 0 | O25: 0 | P25: 0 | Q25: 0 | R25: 0
I26: r235/205t | J26: =E4 -> 154.99418 | K26: =E8 -> 140.93097 | L26: 0 | M26: =E20 -> -485.82394 | N26: =E24 -> -1489.6132 | O26: =E28 -> -595.07022 | P26: 0 | Q26: =E12 -> 0.022902328 | R26: =E16 -> 0.00022461586
B27: JMM 206/238 | E27: d55t_d85_115 | H27: sample | I27: 238/235z | J27: 0 | K27: 0 | L27: 1 | M27: 0 | N27: 0 | O27: 0 | P27: 0 | Q27: 0 | R27: 0
B28: 0.049815399 | C28: =$C$4 -> 100.2329 | E28: =(C29-C28)/(B29-B28) -> -595.07022 | H28: RP | I28: 206/238g | J28: 0 | K28: 0 | L28: 0 | M28: 1 | N28: 0 | O28: 0 | P28: 0 | Q28: 0 | R28: 0
B29: 0.049815349 | C29: 100.23293 | H29: ET | I29: 206/238g | J29: 0 | K29: 0 | L29: 0 | M29: 0 | N29: 1 | O29: 0 | P29: 0 | Q29: 0 | R29: 0
H30: JMM | I30: 206/238g | J30: 0 | K30: 0 | L30: 0 | M30: 0 | N30: 0 | O30: 1 | P30: 0 | Q30: 0 | R30: 0
B31: dRP-206/238_dr85g_112a | H31: r85_U500 | I31: 238/235 | J31: 0 | K31: 0 | L31: 0 | M31: 0 | N31: 0 | O31: 0 | P31: 1 | Q31: 0 | R31: 0
B32: =-4.8519100522975*10^-6 -> -4.8519101e-06 | H32: r85_112a | I32: 238/235 | J32: 0 | K32: 0 | L32: 0 | M32: 0 | N32: 0 | O32: 0 | P32: 0 | Q32: 1 | R32: 0
H33: r85_115 | I33: 238/235 | J33: 0 | K33: 0 | L33: 0 | M33: 0 | N33: 0 | O33: 0 | P33: 0 | Q33: 0 | R33: 1
B34: dET-206/238_dr85g_112a
B35: =-8.62488785450637*10^-7 -> -8.6248879e-07 | H35: J3J2J1 | J35: IRMM 3636
J36: 233/236 | K36: 234/236 | L36: 235/236 | M36: 238/236
B37: dJMM-206/238_dr85g_115 | H37: ET535 | I37: 233/235t | J37: {=MMULT(MMULT(J24:R33,J11:M19),J4:M7)} -> 0.67073476 | K37: -0.0012622619 | L37: -0.868592 | M37: 0.44661007
B38: =-2.03161*10^-7 -> -2.03161e-07 | I38: 238/235t | J38: -0.0029074266 | K38: 4.2087416e-06 | L38: 0.0050511624 | M38: -0.0015047595
I39: r235/205t | J39: 99.792373 | K39: -0.19505011 | L39: -121.8093 | M39: 68.925054
H40: sample | I40: 238/235z | J40: -134.15418 | K40: 0 | L40: 308.30363 | M40: -2.2367059
H41: RP | I41: 206/238g | J41: 0.0006564015 | K41: 0 | L41: -0.0021081262 | M41: 1.5293766e-05
H42: ET | I42: 206/238g | J42: 0.00011668372 | K42: 0 | L42: -0.00037474627 | M42: 2.7186615e-06
H43: JMM | I43: 206/238g | J43: 9.805664e-05 | K43: 0 | L43: -0.00033645839 | M43: 6.8761808e-07
H44: r85_U500 | I44: 238/235 | J44: -1.0195797 | K44: 0.0023910778 | L44: 0.83929915 | M44: -0.84015693
H45: r85_112a | I45: 238/235 | J45: -135.28724 | K45: 0 | L45: 434.49408 | M45: -3.1521123
H46: r85_115 | I46: 238/235 | J46: -482.65484 | K46: 0 | L46: 1656.117 | M46: -3.3845968
H48: Systematic only covariance matrix | J48: ET535 | M48: sample | N48: RP | O48: ET | P48: JMM | Q48: r85_U500 | R48: r85_112a | S48: r85_115
J49: 233/235t | K49: 238/235t | L49: r235/205t | M49: 238/235z | N49: 206/238g | O49: 206/238g | P49: 206/238g | Q49: 238/235 | R49: 238/235 | S49: 238/235
H50: ET535 | I50: 233/235t | J50: {=MMULT(MMULT(J37:M46,Q4:T7),TRANSPOSE(J37:M46))} -> 2.879273e-09 | K50: -1.2480748e-11 | L50: 4.2838022e-07 | M50: -5.7588437e-07 | N50: 2.8177391e-12 | O50: 5.00889e-13 | P50: 4.2092839e-13 | Q50: -4.3767667e-09 | R50: -5.8074842e-07 | S50: -2.0718956e-06
I51: 238/235t | J51: -1.2480748e-11 | K51: 5.4100145e-14 | L51: -1.8568942e-09 | M51: 2.4962802e-09 | N51: -1.2214026e-14 | O51: -2.1711987e-15 | P51: -1.8245943e-15 | Q51: 1.8971911e-11 | R51: 2.5173645e-09 | S51: 8.9810262e-09
I52: r235/205t | J52: 4.2838022e-07 | K52: -1.8568942e-09 | L52: 6.3734706e-05 | M52: -8.5680465e-05 | N52: 4.1922512e-10 | O52: 7.4522602e-11 | P52: 6.2626009e-11 | Q52: -6.5117839e-07 | R52: -8.640414e-05 | S52: -0.00030825803
H53: sample | I53: 238/235z | J53: -5.7588437e-07 | K53: 2.4962802e-09 | L53: -8.5680465e-05 | M53: 0.00011518313 | N53: -5.6357852e-10 | O53: -1.0018326e-10 | P53: -8.4190273e-11 | Q53: 8.75398e-07 | R53: 0.00011615601 | S53: 0.00041440174
H54: RP | I54: 206/238g | J54: 2.8177391e-12 | K54: -1.2214026e-14 | L54: 4.1922512e-10 | M54: -5.6357852e-10 | N54: 2.7575289e-15 | O54: 4.9018586e-16 | P54: 4.1193394e-16 | Q54: -4.2832261e-12 | R54: -5.6833883e-10 | S54: -2.0276231e-09
H55: ET | I55: 206/238g | J55: 5.00889e-13 | K55: -2.1711987e-15 | L55: 7.4522602e-11 | M55: -1.0018326e-10 | N55: 4.9018586e-16 | O55: 8.7136778e-17 | P55: 7.3226502e-17 | Q55: -7.6139797e-13 | R55: -1.0102946e-10 | S55: -3.6043582e-10
H56: JMM | I56: 206/238g | J56: 4.2092839e-13 | K56: -1.8245943e-15 | L56: 6.2626009e-11 | M56: -8.4190273e-11 | N56: 4.1193394e-16 | O56: 7.3226502e-17 | P56: 6.1536825e-17 | Q56: -6.3985037e-13 | R56: -8.4901396e-11 | S56: -3.0289684e-10
H57: r85_U500 | I57: 238/235 | J57: -4.3767667e-09 | K57: 1.8971911e-11 | L57: -6.5117839e-07 | M57: 8.75398e-07 | N57: -4.2832261e-12 | O57: -7.6139797e-13 | P57: -6.3985037e-13 | Q57: 6.6530997e-09 | R57: 8.8279173e-07 | S57: 3.1494744e-06
H58: r85_112a | I58: 238/235 | J58: -5.8074842e-07 | K58: 2.5173645e-09 | L58: -8.640414e-05 | M58: 0.00011615601 | N58: -5.6833883e-10 | O58: -1.0102946e-10 | P58: -8.4901396e-11 | Q58: 8.8279173e-07 | R58: 0.00011713713 | S58: 0.00041790204
H59: r85_115 | I59: 238/235 | J59: -2.0718956e-06 | K59: 8.9810262e-09 | L59: -0.00030825803 | M59: 0.00041440174 | N59: -2.0276231e-09 | O59: -3.6043582e-10 | P59: -3.0289684e-10 | Q59: 3.1494744e-06 | R59: 0.00041790204 | S59: 0.0014909202
H61: Total covariance matrix | J61: ET535 | M61: sample | O61: Total correlation matrix | Q61: ET535 | T61: sample
J62: 233/235t | K62: 238/235t | L62: r235/205t | M62: 238/235z | Q62: 233/235t | R62: 238/235t | S62: r235/205t | T62: 238/235z
H63: ET535 | I63: 233/235t | J63: =J72 -> 2.632794e-09 | K63: =K72 -> -1.0856742e-11 | L63: =L72 -> 2.9881617e-07 | M63: =M50 -> -5.7588437e-07 | O63: ET535 | P63: 233/235t | Q63: 1
I64: 238/235t | J64: =J73 -> -1.0856742e-11 | K64: =K73 -> 1.4470219e-13 | L64: =L73 -> -1.2097744e-09 | M64: =M51 -> 2.4962802e-09 | P64: 238/235t | Q64: =J64/SQRT(J63*K64) -> -0.55622887 | R64: 1
I65: r235/205t | J65: =J74 -> 2.9881617e-07 | K65: =K74 -> -1.2097744e-09 | L65: =L74 -> 0.00054743151 | M65: =M52 -> -8.5680465e-05 | P65: r235/205t | Q65: =J65/SQRT(J63*L65) -> 0.24890336 | R65: =K65/SQRT(K64*L65) -> -0.13592581 | S65: 1
H66: sample | I66: 238/235z | J66: =J53 -> -5.7588437e-07 | K66: =K53 -> 2.4962802e-09 | L66: =L53 -> -8.5680465e-05 | M66: 0.00040002429 | O66: sample | P66: 238/235z | Q66: =J66/SQRT(J63*M66) -> -0.56115608 | R66: =K66/SQRT(K64*M66) -> 0.3281048 | S66: =L66/SQRT(L65*M66) -> -0.18309384 | T66: 1
H70: Measured covariance matrix (MC): | J70: ET535
J71: 233/235t | K71: 238/235t | L71: r235/205t
H72: ET535 | I72: 233/235t | J72: 2.632794e-09 | K72: -1.0856742e-11 | L72: =J74 -> 2.9881617e-07
I73: 238/235t | J73: -1.0856742e-11 | K73: 1.4470219e-13 | L73: =K74 -> -1.2097744e-09
I74: r235/205t | J74: 2.9881617e-07 | K74: -1.2097744e-09 | L74: 0.00054743151
I81: TracerCov | J81: 233/235t | K81: 238/235t | L81: 202/205t | M81: 235/205t
I82: 233/235t | J82: 2.632794e-09 | K82: -1.0856742e-11 | L82: 1.0808684e-09 | M82: 2.9881617e-07
I83: 238/235t | J83: -1.0856742e-11 | K83: 1.4470219e-13 | L83: -4.6832631e-12 | M83: -1.2097744e-09
I84: 202/205t | J84: 1.0808684e-09 | K84: -4.6832631e-12 | L84: 7.5457528e-08 | M84: -5.9301227e-06
I85: 235/205t | J85: 2.9881617e-07 | K85: -1.2097744e-09 | L85: -5.9301228e-06 | M85: 0.00054863341
I87: J1 | J87: 233/235t | K87: 238/235t | L87: 202/205t | M87: 235/205t
I88: 233/235t | J88: 1 | K88: 0 | L88: 0 | M88: 0
I89: 238/235t | J89: 0 | K89: 1 | L89: 0 | M89: 0
I90: 235/205t | J90: 0 | K90: 0 | L90: 0 | M90: 1
I91: alphaPb | J91: 0 | K91: 0 | L91: =-1/(3*1.0075) -> -0.33085194 | M91: 0
I94: Cov1 | J94: 233/235t | K94: 238/235t | L94: 235/205t | M94: alphaPb
I95: 233/235t | J95: {=MMULT(MMULT(J88:M91,J82:M85),TRANSPOSE(J88:M91))} -> 2.632794e-09 | K95: -1.0856742e-11 | L95: 2.9881617e-07 | M95: -3.5760743e-10
I96: 238/235t | J96: -1.0856742e-11 | K96: 1.4470219e-13 | L96: -1.2097744e-09 | M96: 1.5494667e-12
I97: 235/205t | J97: 2.9881617e-07 | K97: -1.2097744e-09 | L97: 0.00054863341 | M97: 1.9619926e-06
I98: alphaPb | J98: -3.5760743e-10 | K98: 1.5494667e-12 | L98: 1.9619926e-06 | M98: 8.2598081e-09
J100: =J98/SQRT(J95*M98) -> -0.076685475 | K100: =K98/SQRT(K96*M98) -> 0.044818747 | L100: =L98/SQRT(L97*M98) -> 0.92166113

Sheet Sheet4

Sheet covTotal
K1: Covariance Matrix for MC trials (includes only systematic unct for 202/205 and 235/205) | M1: ET535 | Q1: ET2535 | U1: RP DU | V1: CRM112a | W1: ET tracers | Y1: NBS 981 | AB1: NBS 982 | AE1: Puratronic Pb | AH1: ET | AI1: RP | AJ1: JMM | AK1: ET tracers
M2: 204/205 | N2: 206/205 | O2: 207/205 | P2: 208/205 | Q2: 204/205 | R2: 206/205 | S2: 207/205 | T2: 208/205 | U2: 238/235 | V2: 238/235 | W2: 233/235 | X2: 238/235 | Y2: 204/206 | Z2: 207/206 | AA2: 208/206 | AB2: 204/206 | AC2: 207/206 | AD2: 208/206 | AE2: 204/206 | AF2: 207/206 | AG2: 208/206 | AH2: 206/238g | AI2: 206/238g | AJ2: 206/238g | AK2: 202/205 | AL2: 235/205
K3: ET535 | L3: 204/205 | M3: =covAll!C3 -> 8.4401259e-11 | N3: =covAll!D3 -> 1.5541603e-09 | O3: =covAll!E3 -> 1.3041691e-09 | P3: =covAll!F3 -> 3.1932364e-09 | Q3: =covAll!G3 -> 2.0206838e-12 | R3: =covAll!H3 -> 3.4280094e-11 | S3: =covAll!I3 -> 2.9582367e-11 | T3: =covAll!J3 -> 7.0834598e-11 | ... AL3: =covAll!AB3 -> -5.7932656e-09
L4: 206/205 | M4: =covAll!C4 -> 1.5541603e-09 | N4: =covAll!D4 -> 2.9643201e-08 | O4: =covAll!E4 -> 2.4477357e-08 | P4: =covAll!F4 -> 6.0583378e-08 | Q4: =covAll!G4 -> 4.0956018e-11 | R4: =covAll!H4 -> 7.0629015e-10 | S4: =covAll!I4 -> 6.0856147e-10 | T4: =covAll!J4 -> 1.4691506e-09 | ... AL4: =covAll!AB4 -> -1.2752518e-07
L5: 207/205 | M5: =covAll!C5 -> 1.3041691e-09 | N5: =covAll!D5 -> 2.4477357e-08 | O5: =covAll!E5 -> 2.0523433e-08 | P5: =covAll!F5 -> 5.061429e-08 | Q5: =covAll!G5 -> 3.499379e-11 | R5: =covAll!H5 -> 6.0702033e-10 | S5: =covAll!I5 -> 5.2137398e-10 | T5: =covAll!J5 -> 1.2575324e-09 | ... AL5: =covAll!AB5 -> -1.0127085e-07
L6: 208/205 | M6: =covAll!C6 -> 3.1932364e-09 | N6: =covAll!D6 -> 6.0583378e-08 | O6: =covAll!E6 -> 5.061429e-08 | P6: =covAll!F6 -> 1.2661291e-07 | Q6: =covAll!G6 -> 8.3566949e-11 | R6: =covAll!H6 -> 1.4418618e-09 | S6: =covAll!I6 -> 1.2400239e-09 | T6: =covAll!J6 -> 2.9980738e-09 | ... AL6: =covAll!AB6 -> -2.8391472e-07
K7: ET2535 | L7: 204/205 | M7: =covAll!C7 -> 2.0206838e-12 | N7: =covAll!D7 -> 4.0956018e-11 | O7: =covAll!E7 -> 3.499379e-11 | P7: =covAll!F7 -> 8.3566949e-11 | Q7: =covAll!G7 -> 8.7848722e-11 | R7: =covAll!H7 -> 1.5908858e-09 | S7: =covAll!I7 -> 1.3195772e-09 | T7: =covAll!J7 -> 3.202935e-09 | ... AL7: =covAll!AB7 -> -1.3624037e-09
L8: 206/205 | M8: =covAll!C8 -> 3.4280094e-11 | N8: =covAll!D8 -> 7.0629015e-10 | O8: =covAll!E8 -> 6.0702033e-10 | P8: =covAll!F8 -> 1.4418618e-09 | Q8: =covAll!G8 -> 1.5908858e-09 | R8: =covAll!H8 -> 2.8907162e-08 | S8: =covAll!I8 -> 2.3940042e-08 | T8: =covAll!J8 -> 5.8160209e-08 | ... AL8: =covAll!AB8 -> -2.6582354e-08
L9: 207/205 | M9: =covAll!C9 -> 2.9582367e-11 | N9: =covAll!D9 -> 6.0856147e-10 | O9: =covAll!E9 -> 5.2137398e-10 | P9: =covAll!F9 -> 1.2400239e-09 | Q9: =covAll!G9 -> 1.3195772e-09 | R9: =covAll!H9 -> 2.3940042e-08 | S9: =covAll!I9 -> 1.9856214e-08 | T9: =covAll!J9 -> 4.822575e-08 | ... AL9: =covAll!AB9 -> -2.2469068e-08
L10: 208/205 | M10: =covAll!C10 -> 7.0834598e-11 | N10: =covAll!D10 -> 1.4691506e-09 | O10: =covAll!E10 -> 1.2575324e-09 | P10: =covAll!F10 -> 2.9980738e-09 | Q10: =covAll!G10 -> 3.202935e-09 | R10: =covAll!H10 -> 5.8160209e-08 | S10: =covAll!I10 -> 4.822575e-08 | T10: =covAll!J10 -> 1.1728846e-07 | ... AL10: =covAll!AB10 -> -4.9340079e-08
K11: RP DU | L11: 238/235 | M11: =covAll!C11 -> 3.4511769e-09 | N11: =covAll!D11 -> 6.0096317e-08 | O11: =covAll!E11 -> 4.3662818e-08 | P11: =covAll!F11 -> 3.8017982e-08 | Q11: =covAll!G11 -> -1.0413434e-09 | R11: =covAll!H11 -> -1.934794e-08 | S11: =covAll!I11 -> -1.1940629e-08 | T11: =covAll!J11 -> -5.3169322e-08 | ... AL11: =covAll!AB11 -> -0.00032597222
K12: CRM112a | L12: 238/235 | M12: =covAll!C12 -> 3.6041121e-09 | N12: =covAll!D12 -> 6.5224032e-08 | O12: =covAll!E12 -> 5.4669682e-08 | P12: =covAll!F12 -> 1.1278997e-07 | Q12: =covAll!G12 -> -4.2772699e-10 | R12: =covAll!H12 -> -8.1360571e-09 | S12: =covAll!I12 -> -5.0733976e-09 | T12: =covAll!J12 -> -1.7021053e-08 | ... AL12: =covAll!AB12 -> -9.2077836e-05
K13: ET tracers | L13: 233/235 | M13: =covAll!C13 -> -1.2805695e-11 | N13: =covAll!D13 -> -2.3167409e-10 | O13: =covAll!E13 -> -1.9789096e-10 | P13: =covAll!F13 -> -4.0531615e-10 | Q13: =covAll!G13 -> 4.610964e-13 | R13: =covAll!H13 -> 1.5724234e-11 | S13: =covAll!I13 -> 6.7713278e-12 | T13: =covAll!J13 -> 4.1774129e-11 | ... AL13: =covAll!AB13 -> 4.4618322e-07
L14: 238/235 | M14: =covAll!C14 -> -4.8913092e-15 | N14: =covAll!D14 -> 2.2899377e-14 | O14: =covAll!E14 -> -2.3897245e-15 | P14: =covAll!F14 -> -1.5431809e-13 | Q14: =covAll!G14 -> 5.5238195e-14 | R14: =covAll!H14 -> 1.1283289e-12 | S14: =covAll!I14 -> 9.0507676e-13 | T14: =covAll!J14 -> 2.295849e-12 | ... AL14: =covAll!AB14 -> -2.1274359e-09
K15: NBS 981 | L15: 204/206 | M15: =covAll!C15 -> -3.7990667e-13 | N15: =covAll!D15 -> 1.1732936e-12 | O15: =covAll!E15 -> 6.4940111e-13 | P15: =covAll!F15 -> 2.8200402e-11 | Q15: =covAll!G15 -> 1.6928661e-12 | R15: =covAll!H15 -> 3.1847588e-11 | S15: =covAll!I15 -> 2.6790185e-11 | T15: =covAll!J15 -> 6.5933468e-11 | ... AL15: =covAll!AB15 -> -2.325822e-07
L16: 207/206 | M16: =covAll!C16 -> 3.7607471e-12 | N16: =covAll!D16 -> 8.8824131e-12 | O16: =covAll!E16 -> 6.7097011e-12 | P16: =covAll!F16 -> -1.6100223e-10 | Q16: =covAll!G16 -> -1.0482122e-11 | R16: =covAll!H16 -> -1.9413496e-10 | S16: =covAll!I16 -> -1.6487177e-10 | T16: =covAll!J16 -> -3.9868408e-10 | ... AL16: =covAll!AB16 -> 1.4891812e-06
L17: 208/206 | M17: =covAll!C17 -> 1.5201564e-11 | N17: =covAll!D17 -> -5.7742548e-11 | O17: =covAll!E17 -> -3.2522737e-11 | P17: =covAll!F17 -> -1.0667809e-09 | Q17: =covAll!G17 -> -6.002277e-11 | R17: =covAll!H17 -> -1.1238861e-09 | S17: =covAll!I17 -> -9.4307706e-10 | T17: =covAll!J17 -> -2.3101609e-09 | ... AL17: =covAll!AB17 -> 8.2935988e-06
K18: NBS 982 | L18: 204/206 | M18: =covAll!C18 -> 1.5110591e-13 | N18: =covAll!D18 -> 7.6716014e-12 | O18: =covAll!E18 -> 6.7188019e-12 | P18: =covAll!F18 -> 2.9807683e-11 | Q18: =covAll!G18 -> 4.2634161e-13 | R18: =covAll!H18 -> 8.3536162e-12 | S18: =covAll!I18 -> 6.8317153e-12 | T18: =covAll!J18 -> 1.6666517e-11 | ... AL18: =covAll!AB18 -> -9.9146642e-08
L19: 207/206 | M19: =covAll!C19 -> -1.0398825e-12 | N19: =covAll!D19 -> -3.8574072e-11 | O19: =covAll!E19 -> -2.4440007e-11 | P19: =covAll!F19 -> -1.5251487e-10 | Q19: =covAll!G19 -> -1.0770441e-11 | R19: =covAll!H19 -> -2.002014e-10 | S19: =covAll!I19 -> -1.6613193e-10 | T19: =covAll!J19 -> -3.9809666e-10 | ... AL19: =covAll!AB19 -> 8.3592055e-07
L20: 208/206 | M20: =covAll!C20 -> 1.7431024e-13 | N20: =covAll!D20 -> -9.4826056e-11 | O20: =covAll!E20 -> -7.2843308e-11 | P20: =covAll!F20 -> -6.3397534e-10 | Q20: =covAll!G20 -> -5.076583e-11 | R20: =covAll!H20 -> -9.3694742e-10 | S20: =covAll!I20 -> -7.7809227e-10 | T20: =covAll!J20 -> -1.886617e-09 | ... AL20: =covAll!AB20 -> 4.1048319e-06
K21: Pur Pb | L21: 204/206 | M21: =covAll!C21 -> 1.2630877e-13 | N21: =covAll!D21 -> 1.2084213e-11 | O21: =covAll!E21 -> 8.7644765e-12 | P21: =covAll!F21 -> 4.4902623e-11 | Q21: =covAll!G21 -> 1.3565402e-12 | R21: =covAll!H21 -> 2.5542971e-11 | S21: =covAll!I21 -> 2.1668274e-11 | T21: =covAll!J21 -> 5.2867495e-11 | ... AL21: =covAll!AB21 -> -2.1870257e-07
L22: 207/206 | M22: =covAll!C22 -> -1.7534032e-13 | N22: =covAll!D22 -> -6.2983466e-11 | O22: =covAll!E22 -> -5.2497345e-11 | P22: =covAll!F22 -> -2.9339106e-10 | Q22: =covAll!G22 -> -1.4901364e-11 | R22: =covAll!H22 -> -2.7724439e-10 | S22: =covAll!I22 -> -2.3366394e-10 | T22: =covAll!J22 -> -5.7403646e-10 | ... AL22: =covAll!AB22 -> 1.4864617e-06
L23: 208/206 | M23: =covAll!C23 -> 1.3100978e-11 | N23: =covAll!D23 -> -1.5680446e-10 | O23: =covAll!E23 -> -1.2180154e-10 | P23: =covAll!F23 -> -1.2691152e-09 | Q23: =covAll!G23 -> -6.6227579e-11 | R23: =covAll!H23 -> -1.2525555e-09 | S23: =covAll!I23 -> -1.0487836e-09 | T23: =covAll!J23 -> -2.5821352e-09 | ... AL23: =covAll!AB23 -> 8.2298089e-06
K24: ET | L24: 206/238g | M24: =covAll!C24 -> -1.8936122e-13 | N24: =covAll!D24 -> -2.0025418e-12 | O24: =covAll!E24 -> -1.4669724e-12 | P24: =covAll!F24 -> 1.001418e-12 | Q24: =covAll!G24 -> 7.9686086e-14 | R24: =covAll!H24 -> 1.7967597e-12 | S24: =covAll!I24 -> 1.4538143e-12 | T24: =covAll!J24 -> 3.6226966e-12 | ... AL24: =covAll!AB24 -> -3.9795404e-08
K25: RP | L25: 206/238g | M25: =covAll!C25 -> -8.8776237e-13 | N25: =covAll!D25 -> -1.4432375e-11 | O25: =covAll!E25 -> -1.0773309e-11 | P25: =covAll!F25 -> -8.9572811e-12 | Q25: =covAll!G25 -> 1.2574539e-12 | R25: =covAll!H25 -> 2.4772326e-11 | S25: =covAll!I25 -> 2.0021393e-11 | T25: =covAll!J25 -> 4.8111527e-11 | ... AL25: =covAll!AB25 -> -1.893164e-07
K26: JMM | L26: 206/238g | M26: =covAll!C26 -> -5.192104e-13 | N26: =covAll!D26 -> -3.4922031e-12 | O26: =covAll!E26 -> -3.1505417e-12 | P26: =covAll!F26 -> 3.0481589e-12 | Q26: =covAll!G26 -> 2.2737161e-12 | R26: =covAll!H26 -> 4.1258938e-11 | S26: =covAll!I26 -> 3.4465114e-11 | T26: =covAll!J26 -> 8.3495968e-11 | ... AL26: =covAll!AB26 -> -1.1965074e-07
K27: ET tracers | L27: 202/205 | M27: =covAll!C27 -> 2.8302868e-11 | N27: =covAll!D27 -> 7.3438294e-10 | O27: =covAll!E27 -> 6.2238338e-10 | P27: =covAll!F27 -> 2.2038506e-09 | Q27: =covAll!G27 -> 1.7989514e-11 | R27: =covAll!H27 -> 3.5607402e-10 | S27: =covAll!I27 -> 2.903031e-10 | T27: =covAll!J27 -> 6.8800921e-10 | ... AJ27: =covAll!Z27 -> 1.4678778e-09 | AK27: =covAll!AA27+AK32 -> 7.0519308e-08 | AL27: =covAll!AB27+AL32 -> -5.662722e-06
L28: 235/205 | M28: =covAll!C28 -> -5.7932656e-09 | N28: =covAll!D28 -> -1.2752518e-07 | O28: =covAll!E28 -> -1.0127085e-07 | P28: =covAll!F28 -> -2.8391472e-07 | Q28: =covAll!G28 -> -1.3624037e-09 | R28: =covAll!H28 -> -2.6582354e-08 | S28: =covAll!I28 -> -2.2469068e-08 | T28: =covAll!J28 -> -4.9340079e-08 | ... AJ28: =covAll!Z28 -> -1.1965074e-07 | AK28: =covAll!AA28+AK33 -> -5.662722e-06 | AL28: =covAll!AB28+AL33 -> 0.00054362974
AG31: analytical uncertaintys from least squares minimization solution, to be added to systematic uncertainties above. | AJ31: covMeas: | AK31: 202/205 | AL31: 233/235
AJ32: 202/205 | AK32: 8.9619356e-11 | AL32: 4.923454e-09
AJ33: 233/235 | AK33: 4.9234391e-09 | AL33: 1.2018978e-06
D38: for ET535 only: | AH38: for ET2535 only:
F39: ET535 | AJ39: ET2535
F40: 204/205 | G40: 206/205 | H40: 207/205 | I40: 208/205 | J40: 233/235 | K40: 238/235 | M40: 235/205 | AJ40: 204/205 | AK40: 206/205 | AL40: 207/205 | AM40: 208/205 | AN40: 233/235 | AO40: 238/235 | AP40: 202/205 | AQ40: 235/205
B41: total covariance matrix (systematic and analytical uncertainties) | D41: ET535 | E41: 204/205 | F41: 8.7848722e-11 | G41: 1.5908858e-09 | H41: 1.3195772e-09 | I41: 3.202935e-09 | J41: 4.610964e-13 | K41: 5.5238195e-14 | L41: 0 | M41: -1.3624037e-09 | AF41: total covariance matrix (systematic and analytical uncertainties) | AH41: ET2535 | AI41: 204/205 | AJ41: 8.7848722e-11 | AK41: 1.5908858e-09 | AL41: 1.3195772e-09 | AM41: 3.202935e-09 | AN41: 4.610964e-13 | AO41: 5.5238195e-14 | AP41: 1.7989514e-11 | AQ41: -1.3624037e-09
E42: 206/205 | F42: 1.5908858e-09 | G42: 2.8907162e-08 | H42: 2.3940042e-08 | I42: 5.8160209e-08 | J42: 1.5724234e-11 | K42: 1.1283289e-12 | L42: 0 | M42: -2.6582354e-08 | AI42: 206/205 | AJ42: 1.5908858e-09 | AK42: 2.8907162e-08 | AL42: 2.3940042e-08 | AM42: 5.8160209e-08 | AN42: 1.5724234e-11 | AO42: 1.1283289e-12 | AP42: 3.5607402e-10 | AQ42: -2.6582354e-08
E43: 207/205 | F43: 1.3195772e-09 | G43: 2.3940042e-08 | H43: 1.9856214e-08 | I43: 4.822575e-08 | J43: 6.7713278e-12 | K43: 9.0507676e-13 | L43: 0 | M43: -2.2469068e-08 | AI43: 207/205 | AJ43: 1.3195772e-09 | AK43: 2.3940042e-08 | AL43: 1.9856214e-08 | AM43: 4.822575e-08 | AN43: 6.7713278e-12 | AO43: 9.0507676e-13 | AP43: 2.903031e-10 | AQ43: -2.2469068e-08
E44: 208/205 | F44: 3.202935e-09 | G44: 5.8160209e-08 | H44: 4.822575e-08 | I44: 1.1728846e-07 | J44: 4.1774129e-11 | K44: 2.295849e-12 | L44: 0 | M44: -4.9340079e-08 | AI44: 208/205 | AJ44: 3.202935e-09 | AK44: 5.8160209e-08 | AL44: 4.822575e-08 | AM44: 1.1728846e-07 | AN44: 4.1774129e-11 | AO44: 2.295849e-12 | AP44: 6.8800921e-10 | AQ44: -4.9340079e-08
E45: 233/235 | F45: 4.610964e-13 | G45: 1.5724234e-11 | H45: 6.7713278e-12 | I45: 4.1774129e-11 | J45: 2.8887958e-09 | K45: -1.2746879e-11 | L45: 0 | M45: 4.4618322e-07 | AI45: 233/235 | AJ45: 4.610964e-13 | AK45: 1.5724234e-11 | AL45: 6.7713278e-12 | AM45: 4.1774129e-11 | AN45: 2.8887958e-09 | AO45: -1.2746879e-11 | AP45: -2.0146104e-10 | AQ45: 4.4618322e-07
A46: (blank rows/columns are placeholders for 202/205 in ET2535 calculations) | E46: 238/235 | F46: 5.5238195e-14 | G46: 1.1283289e-12 | H46: 9.0507676e-13 | I46: 2.295849e-12 | J46: -1.2746879e-11 | K46: 1.5818262e-13 | L46: 0 | M46: -2.1274359e-09 | AI46: 238/235 | AJ46: 5.5238195e-14 | AK46: 1.1283289e-12 | AL46: 9.0507676e-13 | AM46: 2.295849e-12 | AN46: -1.2746879e-11 | AO46: 1.5818262e-13 | AP46: 2.792701e-12 | AQ46: -2.1274359e-09
F47: 0 | G47: 0 | H47: 0 | I47: 0 | J47: 0 | K47: 0 | L47: 0 | M47: 0 | AI47: 202/205 | AJ47: 1.7989514e-11 | AK47: 3.5607402e-10 | AL47: 2.903031e-10 | AM47: 6.8800921e-10 | AN47: -2.0146104e-10 | AO47: 2.792701e-12 | AP47: 7.0519308e-08 | AQ47: -5.662722e-06
E48: 235/205 | F48: -1.3624037e-09 | G48: -2.6582354e-08 | H48: -2.2469068e-08 | I48: -4.9340079e-08 | J48: 4.4618322e-07 | K48: -2.1274359e-09 | L48: 0 | M48: 0.00054362974 | AI48: 235/205 | AJ48: -1.3624037e-09 | AK48: -2.6582354e-08 | AL48: -2.2469068e-08 | AM48: -4.9340079e-08 | AN48: 4.4618322e-07 | AO48: -2.1274359e-09 | AP48: -5.662722e-06 | AQ48: 0.00054362974
A52: Pb and U IC have no covariance because they were measured in different experiments. The 233/235 depends on these, though, because it is determined from gravimetric-tracer mixtures. Its total covariance derives from contributions from systematic uncertainties (covariance of MC solutions to minimization problem) as well as the (random) variance from the best fit solution (least squares) to minization problem. | E52: Using MC inputs for Pb and U IC (inputs to gravtrac MC) | AE52: Pb and U IC have no covariance because they were measured in different experiments. The 202/205 and 233/235 both depend on these, though, because they are determined from gravimetric-tracer mixtures. Their total covariance derives from contributions from systematic uncertainties (covariance of MC solutions to minimization problem) as well as the (random) variance from the best fit solution (least squares) to minization problem. | AI52: Using MC inputs for Pb and U IC (inputs to gravtrac MC)
E53: ET535 | F53: 204/205 | G53: 206/205 | H53: 207/205 | I53: 208/205 | J53: 233/235 | K53: 238/235 | M53: 235/205 | N53: conc205 | AI53: ET2535 | AJ53: 204/205 | AK53: 206/205 | AL53: 207/205 | AM53: 208/205 | AN53: 233/235 | AO53: 238/235 | AP53: 202/205 | AQ53: 235/205 | AR53: conc205
E54: 204/205 | F54: 8.1e-11 | G54: 1.4914235e-09 | H54: 1.2486018e-09 | I54: 3.0467457e-09 | J54: 0 | K54: 0 | L54: 0 | M54: =M41 -> -1.3624037e-09 | N54: 0 | AI54: 204/205 | AJ54: 8.3876866e-11 | AK54: 1.5179679e-09 | AL54: 1.2595021e-09 | AM54: 3.0601769e-09 | AN54: 0 | AO54: 0 | AP54: =AP41 -> 1.7989514e-11 | AQ54: =AQ41 -> -1.3624037e-09 | AR54: 0
E55: 206/205 | F55: 1.4914235e-09 | G55: 2.8513705e-08 | H55: 2.3477969e-08 | I55: 5.7910883e-08 | J55: 0 | K55: 0 | L55: 0 | M55: =M42 -> -2.6582354e-08 | N55: 0 | AI55: 206/205 | AJ55: 1.5179679e-09 | AK55: 2.7570024e-08 | AL55: 2.2839788e-08 | AM55: 5.5551119e-08 | AN55: 0 | AO55: 0 | AP55: =AP42 -> 3.5607402e-10 | AQ55: =AQ42 -> -2.6582354e-08 | AR55: 0
E56: 207/205 | F56: 1.2486018e-09 | G56: 2.3477969e-08 | H56: 1.9640311e-08 | I56: 4.8276179e-08 | J56: 0 | K56: 0 | L56: 0 | M56: =M43 -> -2.2469068e-08 | N56: 0 | AI56: 207/205 | AJ56: 1.2595021e-09 | AK56: 2.2839788e-08 | AL56: 1.8949828e-08 | AM56: 4.6074373e-08 | AN56: 0 | AO56: 0 | AP56: =AP43 -> 2.903031e-10 | AQ56: =AQ43 -> -2.2469068e-08 | AR56: 0
E57: 208/205 | F57: 3.0467457e-09 | G57: 5.7910883e-08 | H57: 4.8276179e-08 | I57: 1.2043525e-07 | J57: 0 | K57: 0 | L57: 0 | M57: =M44 -> -4.9340079e-08 | N57: 0 | AI57: 208/205 | AJ57: 3.0601769e-09 | AK57: 5.5551119e-08 | AL57: 4.6074373e-08 | AM57: 1.1219069e-07 | AN57: 0 | AO57: 0 | AP57: =AP44 -> 6.8800921e-10 | AQ57: =AQ44 -> -4.9340079e-08 | AR57: 0
E58: 233/235 | F58: 0 | G58: 0 | H58: 0 | I58: 0 | J58: 2.8983667e-09 | K58: -1.2646095e-11 | L58: 0 | M58: =M45 -> 4.4618322e-07 | N58: 0 | AI58: 233/235 | AJ58: 0 | AK58: 0 | AL58: 0 | AM58: 0 | AN58: 2.8983667e-09 | AO58: -1.2646095e-11 | AP58: =AP45 -> -2.0146104e-10 | AQ58: =AQ45 -> 4.4618322e-07 | AR58: 0
E59: 238/235 | F59: 0 | G59: 0 | H59: 0 | I59: 0 | J59: -1.2646096e-11 | K59: 1.5645832e-13 | L59: 0 | M59: =M46 -> -2.1274359e-09 | N59: 0 | AI59: 238/235 | AJ59: 0 | AK59: 0 | AL59: 0 | AM59: 0 | AN59: -1.2646096e-11 | AO59: 1.5645832e-13 | AP59: =AP46 -> 2.792701e-12 | AQ59: =AQ46 -> -2.1274359e-09 | AR59: 0
F60: 0 | G60: 0 | H60: 0 | I60: 0 | J60: 0 | K60: 0 | L60: 0 | M60: 0 | N60: 0 | AI60: 202/205 | AJ60: =AJ47 -> 1.7989514e-11 | AK60: =AK47 -> 3.5607402e-10 | AL60: =AL47 -> 2.903031e-10 | AM60: =AM47 -> 6.8800921e-10 | AN60: =AN47 -> -2.0146104e-10 | AO60: =AO47 -> 2.792701e-12 | AP60: =AP47 -> 7.0519308e-08 | AQ60: =AQ47 -> -5.662722e-06 | AR60: 0
E61: 235/205 | F61: =F48 -> -1.3624037e-09 | G61: =G48 -> -2.6582354e-08 | H61: =H48 -> -2.2469068e-08 | I61: =I48 -> -4.9340079e-08 | J61: =J48 -> 4.4618322e-07 | K61: =K48 -> -2.1274359e-09 | L61: 0 | M61: =M48 -> 0.00054362974 | N61: 0 | AI61: 235/205 | AJ61: =AJ48 -> -1.3624037e-09 | AK61: =AK48 -> -2.6582354e-08 | AL61: =AL48 -> -2.2469068e-08 | AM61: =AM48 -> -4.9340079e-08 | AN61: =AN48 -> 4.4618322e-07 | AO61: =AO48 -> -2.1274359e-09 | AP61: =AP48 -> -5.662722e-06 | AQ61: =AQ48 -> 0.00054362974 | AR61: 0
E62: conc205 | F62: 0 | G62: 0 | H62: 0 | I62: 0 | J62: 0 | K62: 0 | L62: 0 | M62: 0 | N62: =G66^2 -> 6.6455684e-28 | AI62: conc205 | AJ62: 0 | AK62: 0 | AL62: 0 | AM62: 0 | AN62: 0 | AO62: 0 | AP62: 0 | AQ62: 0 | AR62: =AK66^2 -> 6.6455684e-28
F65: value | G65: 1σ (abs) | AJ65: value | AK65: 1σ (abs)
B66: Extra Info: | E66: conc205 | F66: 1.03116e-11 | G66: 2.5779e-14 | AF66: Extra Info: | AI66: conc205 | AJ66: 1.03116e-11 | AK66: 2.5779e-14
B67: (from grav-trac spike masses) | E67: 235/205 | F67: ='LS results'!$D$3 -> 100.2329 | G67: =SQRT(M61) -> 0.023315869 | AF67: (from grav-trac spike masses) | AI67: 235/205 | AJ67: ='LS results'!$D$3 -> 100.2329 | AK67: =SQRT(AQ61) -> 0.023315869
A69: Jacobian Matrix for U-Pb_Redux format: | E69: J_redux | F69: 204/205 | G69: 206/205 | H69: 207/205 | I69: 208/205 | J69: 233/235 | K69: 238/235 | L69: 202/205 | M69: 235/205 | N69: conc205 | AE69: Jacobian Matrix for U-Pb_Redux format: | AI69: J_redux | AJ69: 204/205 | AK69: 206/205 | AL69: 207/205 | AM69: 208/205 | AN69: 233/235 | AO69: 238/235 | AP69: 202/205 | AQ69: 235/205 | AR69: conc205
E70: 202/205 | F70: 0 | G70: 0 | H70: 0 | I70: 0 | J70: 0 | K70: 0 | L70: 1 | M70: 0 | N70: 0 | AI70: 202/205 | AJ70: 0 | AK70: 0 | AL70: 0 | AM70: 0 | AN70: 0 | AO70: 0 | AP70: 1 | AQ70: 0 | AR70: 0
E71: 204/205 | F71: 1 | G71: 0 | H71: 0 | I71: 0 | J71: 0 | K71: 0 | L71: 0 | M71: 0 | N71: 0 | AI71: 204/205 | AJ71: 1 | AK71: 0 | AL71: 0 | AM71: 0 | AN71: 0 | AO71: 0 | AP71: 0 | AQ71: 0 | AR71: 0
E72: 206/205 | F72: 0 | G72: 1 | H72: 0 | I72: 0 | J72: 0 | K72: 0 | L72: 0 | M72: 0 | N72: 0 | AI72: 206/205 | AJ72: 0 | AK72: 1 | AL72: 0 | AM72: 0 | AN72: 0 | AO72: 0 | AP72: 0 | AQ72: 0 | AR72: 0
E73: 207/205 | F73: 0 | G73: 0 | H73: 1 | I73: 0 | J73: 0 | K73: 0 | L73: 0 | M73: 0 | N73: 0 | AI73: 207/205 | AJ73: 0 | AK73: 0 | AL73: 1 | AM73: 0 | AN73: 0 | AO73: 0 | AP73: 0 | AQ73: 0 | AR73: 0
E74: 208/205 | F74: 0 | G74: 0 | H74: 0 | I74: 1 | J74: 0 | K74: 0 | L74: 0 | M74: 0 | N74: 0 | AI74: 208/205 | AJ74: 0 | AK74: 0 | AL74: 0 | AM74: 1 | AN74: 0 | AO74: 0 | AP74: 0 | AQ74: 0 | AR74: 0
E75: 233/235 | F75: 0 | G75: 0 | H75: 0 | I75: 0 | J75: 1 | K75: 0 | L75: 0 | M75: 0 | N75: 0 | AI75: 233/235 | AJ75: 0 | AK75: 0 | AL75: 0 | AM75: 0 | AN75: 1 | AO75: 0 | AP75: 0 | AQ75: 0 | AR75: 0
E76: 238/235 | F76: 0 | G76: 0 | H76: 0 | I76: 0 | J76: 0 | K76: 1 | L76: 0 | M76: 0 | N76: 0 | AI76: 238/235 | AJ76: 0 | AK76: 0 | AL76: 0 | AM76: 0 | AN76: 0 | AO76: 1 | AP76: 0 | AQ76: 0 | AR76: 0
E77: conc205 | F77: 0 | G77: 0 | H77: 0 | I77: 0 | J77: 0 | K77: 0 | L77: 0 | M77: 0 | N77: 1 | AI77: conc205 | AJ77: 0 | AK77: 0 | AL77: 0 | AM77: 0 | AN77: 0 | AO77: 0 | AP77: 0 | AQ77: 0 | AR77: 1
E78: conc235 | F78: 0 | G78: 0 | H78: 0 | I78: 0 | J78: 0 | K78: 0 | L78: 0 | M78: =F66 -> 1.03116e-11 | N78: =F67 -> 100.2329 | AI78: conc235 | AJ78: 0 | AK78: 0 | AL78: 0 | AM78: 0 | AN78: 0 | AO78: 0 | AP78: 0 | AQ78: =AJ66 -> 1.03116e-11 | AR78: =AJ67 -> 100.2329 | AT78: Pasted as values:
A81: ET535 v.3 | E81: Covariance Matrix (as formulas): | P81: Covariance Matrix (pasted as values): | AE81: ET2535 v.3 | AI81: Covariance Matrix (as formulas): | AT81: Covariance Matrix (pasted as values):
B82: value | C82: 1σ (abs) | E82: ET535 | F82: 202/205 | G82: 204/205 | H82: 206/205 | I82: 207/205 | J82: 208/205 | K82: 233/235 | L82: 238/235 | M82: conc205 | N82: conc235 | P82: ET535 | Q82: 202/205 | R82: 204/205 | S82: 206/205 | T82: 207/205 | U82: 208/205 | V82: 233/235 | W82: 238/235 | X82: conc205 | Y82: conc235 | AF82: value | AG82: 1σ (abs) | AI82: ET2535 | AJ82: 202/205 | AK82: 204/205 | AL82: 206/205 | AM82: 207/205 | AN82: 208/205 | AO82: 233/235 | AP82: 238/235 | AQ82: conc205 | AR82: conc235 | AT82: ET2535 | AU82: 202/205 | AV82: 204/205 | AW82: 206/205 | AX82: 207/205 | AY82: 208/205 | AZ82: 233/235 | BA82: 238/235 | BB82: conc205 | BC82: conc235
A83: 202/205 | E83: 202/205 | F83: {=MMULT(MMULT(F70:N78,F54:N62),TRANSPOSE(F70:N78))} -> 0 | G83: 0 | H83: 0 | I83: 0 | J83: 0 | K83: 0 | L83: 0 | M83: 0 | N83: 0 | P83: 202/205 | Q83: 0 | R83: 0 | S83: 0 | T83: 0 | U83: 0 | V83: 0 | W83: 0 | X83: 0 | Y83: 0 | AE83: 202/205 | AF83: ='LS results'!D2 -> 0.99923913 | AG83: =SQRT(AJ83) -> 0.00026555472 | AI83: 202/205 | AJ83: {=MMULT(MMULT(AJ70:AR78,AJ54:AR62),TRANSPOSE(AJ70:AR78))} -> 7.0519308e-08 | AK83: 1.7989514e-11 | AL83: 3.5607402e-10 | AM83: 2.903031e-10 | AN83: 6.8800921e-10 | AO83: -2.0146104e-10 | AP83: 2.792701e-12 | AQ83: 0 | AR83: -5.8391724e-17 | AT83: 202/205 | AU83: 7.0519308e-08 | AV83: 1.7989514e-11 | AW83: 3.5607402e-10 | AX83: 2.903031e-10 | AY83: 6.8800921e-10 | AZ83: -2.0146104e-10 | BA83: 2.792701e-12 | BB83: 0 | BC83: -5.8391724e-17
A84: 204/205 | B84: 9e-05 | C84: =SQRT(G84) -> 9e-06 | E84: 204/205 | F84: 0 | G84: 8.1e-11 | H84: 1.4914235e-09 | I84: 1.2486018e-09 | J84: 3.0467457e-09 | K84: 0 | L84: 0 | M84: 0 | N84: -1.4048562e-20 | P84: 204/205 | Q84: 0 | R84: 8.1e-11 | S84: 1.4914235e-09 | T84: 1.2486018e-09 | U84: 3.0467457e-09 | V84: 0 | W84: 0 | X84: 0 | Y84: -1.4048562e-20 | AE84: 204/205 | AF84: 0.000105 | AG84: =SQRT(AK84) -> 9.1584314e-06 | AI84: 204/205 | AJ84: 1.7989514e-11 | AK84: 8.3876866e-11 | AL84: 1.5179679e-09 | AM84: 1.2595021e-09 | AN84: 3.0601769e-09 | AO84: 0 | AP84: 0 | AQ84: 0 | AR84: -1.4048562e-20 | AT84: 204/205 | AU84: 1.7989514e-11 | AV84: 8.3876866e-11 | AW84: 1.5179679e-09 | AX84: 1.2595021e-09 | AY84: 3.0601769e-09 | AZ84: 0 | BA84: 0 | BB84: 0 | BC84: -1.4048562e-20
A85: 206/205 | B85: 0.00038873987 | C85: =SQRT(H85) -> 0.00016886002 | E85: 206/205 | F85: 0 | G85: 1.4914235e-09 | H85: 2.8513705e-08 | I85: 2.3477969e-08 | J85: 5.7910883e-08 | K85: 0 | L85: 0 | M85: 0 | N85: -2.741066e-19 | P85: 206/205 | Q85: 0 | R85: 1.4914235e-09 | S85: 2.8513705e-08 | T85: 2.3477969e-08 | U85: 5.7910883e-08 | V85: 0 | W85: 0 | X85: 0 | Y85: -2.741066e-19 | AE85: 206/205 | AF85: 0.00048250945 | AG85: =SQRT(AL85) -> 0.00016604224 | AI85: 206/205 | AJ85: 3.5607402e-10 | AK85: 1.5179679e-09 | AL85: 2.7570024e-08 | AM85: 2.2839788e-08 | AN85: 5.5551119e-08 | AO85: 0 | AP85: 0 | AQ85: 0 | AR85: -2.741066e-19 | AT85: 206/205 | AU85: 3.5607402e-10 | AV85: 1.5179679e-09 | AW85: 2.7570024e-08 | AX85: 2.2839788e-08 | AY85: 5.5551119e-08 | AZ85: 0 | BA85: 0 | BB85: 0 | BC85: -2.741066e-19
A86: 207/205 | B86: 0.00029606859 | C86: =SQRT(I86) -> 0.00014014389 | E86: 207/205 | F86: 0 | G86: 1.2486018e-09 | H86: 2.3477969e-08 | I86: 1.9640311e-08 | J86: 4.8276179e-08 | K86: 0 | L86: 0 | M86: 0 | N86: -2.3169204e-19 | P86: 207/205 | Q86: 0 | R86: 1.2486018e-09 | S86: 2.3477969e-08 | T86: 1.9640311e-08 | U86: 4.8276179e-08 | V86: 0 | W86: 0 | X86: 0 | Y86: -2.3169204e-19 | AE86: 207/205 | AF86: 0.00043236917 | AG86: =SQRT(AM86) -> 0.00013765838 | AI86: 207/205 | AJ86: 2.903031e-10 | AK86: 1.2595021e-09 | AL86: 2.2839788e-08 | AM86: 1.8949828e-08 | AN86: 4.6074373e-08 | AO86: 0 | AP86: 0 | AQ86: 0 | AR86: -2.3169204e-19 | AT86: 207/205 | AU86: 2.903031e-10 | AV86: 1.2595021e-09 | AW86: 2.2839788e-08 | AX86: 1.8949828e-08 | AY86: 4.6074373e-08 | AZ86: 0 | BA86: 0 | BB86: 0 | BC86: -2.3169204e-19
A87: 208/205 | B87: 0.00074437616 | C87: =SQRT(J87) -> 0.00034703783 | E87: 208/205 | F87: 0 | G87: 3.0467457e-09 | H87: 5.7910883e-08 | I87: 4.8276179e-08 | J87: 1.2043525e-07 | K87: 0 | L87: 0 | M87: 0 | N87: -5.0877515e-19 | P87: 208/205 | Q87: 0 | R87: 3.0467457e-09 | S87: 5.7910883e-08 | T87: 4.8276179e-08 | U87: 1.2043525e-07 | V87: 0 | W87: 0 | X87: 0 | Y87: -5.0877515e-19 | AE87: 208/205 | AF87: 0.0010422272 | AG87: =SQRT(AN87) -> 0.00033494879 | AI87: 208/205 | AJ87: 6.8800921e-10 | AK87: 3.0601769e-09 | AL87: 5.5551119e-08 | AM87: 4.6074373e-08 | AN87: 1.1219069e-07 | AO87: 0 | AP87: 0 | AQ87: 0 | AR87: -5.0877515e-19 | AT87: 208/205 | AU87: 6.8800921e-10 | AV87: 3.0601769e-09 | AW87: 5.5551119e-08 | AX87: 4.6074373e-08 | AY87: 1.1219069e-07 | AZ87: 0 | BA87: 0 | BB87: 0 | BC87: -5.0877515e-19
A88: 233/235 | B88: 0.99506218 | C88: =SQRT(K88) -> 5.3836481e-05 | E88: 233/235 | F88: 0 | G88: 0 | H88: 0 | I88: 0 | J88: 0 | K88: 2.8983667e-09 | L88: -1.2646095e-11 | M88: 0 | N88: 4.6008629e-18 | P88: 233/235 | Q88: 0 | R88: 0 | S88: 0 | T88: 0 | U88: 0 | V88: 2.8983667e-09 | W88: -1.2646095e-11 | X88: 0 | Y88: 4.6008629e-18 | AE88: 233/235 | AF88: 0.99506218 | AG88: =SQRT(AO88) -> 5.3836481e-05 | AI88: 233/235 | AJ88: -2.0146104e-10 | AK88: 0 | AL88: 0 | AM88: 0 | AN88: 0 | AO88: 2.8983667e-09 | AP88: -1.2646095e-11 | AQ88: 0 | AR88: 4.6008629e-18 | AT88: 233/235 | AU88: -2.0146104e-10 | AV88: 0 | AW88: 0 | AX88: 0 | AY88: 0 | AZ88: 2.8983667e-09 | BA88: -1.2646095e-11 | BB88: 0 | BC88: 4.6008629e-18
A89: 238/235 | B89: 0.0030799297 | C89: =SQRT(L89) -> 3.9554813e-07 | E89: 238/235 | F89: 0 | G89: 0 | H89: 0 | I89: 0 | J89: 0 | K89: -1.2646096e-11 | L89: 1.5645832e-13 | M89: 0 | N89: -2.1937268e-20 | P89: 238/235 | Q89: 0 | R89: 0 | S89: 0 | T89: 0 | U89: 0 | V89: -1.2646096e-11 | W89: 1.5645832e-13 | X89: 0 | Y89: -2.1937268e-20 | AE89: 238/235 | AF89: 0.0030799297 | AG89: =SQRT(AP89) -> 3.9554813e-07 | AI89: 238/235 | AJ89: 2.792701e-12 | AK89: 0 | AL89: 0 | AM89: 0 | AN89: 0 | AO89: -1.2646096e-11 | AP89: 1.5645832e-13 | AQ89: 0 | AR89: -2.1937268e-20 | AT89: 238/235 | AU89: 2.792701e-12 | AV89: 0 | AW89: 0 | AX89: 0 | AY89: 0 | AZ89: -1.2646096e-11 | BA89: 1.5645832e-13 | BB89: 0 | BC89: -2.1937268e-20
A90: conc205 | B90: =F66 -> 1.03116e-11 | C90: =SQRT(M90) -> 2.5779e-14 | E90: conc205 | F90: 0 | G90: 0 | H90: 0 | I90: 0 | J90: 0 | K90: 0 | L90: 0 | M90: 6.6455684e-28 | N90: 6.6610462e-26 | P90: conc205 | Q90: 0 | R90: 0 | S90: 0 | T90: 0 | U90: 0 | V90: 0 | W90: 0 | X90: 6.6455684e-28 | Y90: 6.6610462e-26 | AE90: conc205 | AF90: =AJ66 -> 1.03116e-11 | AG90: =SQRT(AQ90) -> 2.5779e-14 | AI90: conc205 | AJ90: 0 | AK90: 0 | AL90: 0 | AM90: 0 | AN90: 0 | AO90: 0 | AP90: 0 | AQ90: 6.6455684e-28 | AR90: 6.6610462e-26 | AT90: conc205 | AU90: 0 | AV90: 0 | AW90: 0 | AX90: 0 | AY90: 0 | AZ90: 0 | BA90: 0 | BB90: 6.6455684e-28 | BC90: 6.6610462e-26
A91: conc235 | B91: =B90*F67 -> 1.0335616e-09 | C91: =SQRT(N91) -> 2.5950653e-12 | E91: conc235 | F91: 0 | G91: -1.4048562e-20 | H91: -2.741066e-19 | I91: -2.3169204e-19 | J91: -5.0877515e-19 | K91: 4.6008629e-18 | L91: -2.1937268e-20 | M91: 6.6610462e-26 | N91: 6.7343638e-24 | P91: conc235 | Q91: 0 | R91: -1.4048562e-20 | S91: -2.741066e-19 | T91: -2.3169204e-19 | U91: -5.0877515e-19 | V91: 4.6008629e-18 | W91: -2.1937268e-20 | X91: 6.6610462e-26 | Y91: 6.7343638e-24 | AE91: conc235 | AF91: =AF90*AJ67 -> 1.0335616e-09 | AG91: =SQRT(AR91) -> 2.5950653e-12 | AI91: conc235 | AJ91: -5.8391725e-17 | AK91: -1.4048562e-20 | AL91: -2.741066e-19 | AM91: -2.3169204e-19 | AN91: -5.0877515e-19 | AO91: 4.6008629e-18 | AP91: -2.1937268e-20 | AQ91: 6.6610462e-26 | AR91: 6.7343638e-24 | AT91: conc235 | AU91: -5.8391725e-17 | AV91: -1.4048562e-20 | AW91: -2.741066e-19 | AX91: -2.3169204e-19 | AY91: -5.0877515e-19 | AZ91: 4.6008629e-18 | BA91: -2.1937268e-20 | BB91: 6.6610462e-26 | BC91: 6.7343638e-24
E93: Correlation Matrix (as formulas): | P93: Correlation Matrix (pasted as values): | AI93: Correlation Matrix (as formulas): | AT93: Correlation Matrix (pasted as values):
E94: ET535 | F94: 202/205 | G94: 204/205 | H94: 206/205 | I94: 207/205 | J94: 208/205 | K94: 233/235 | L94: 238/235 | M94: conc205 | N94: conc235 | P94: ET535 | Q94: 202/205 | R94: 204/205 | S94: 206/205 | T94: 207/205 | U94: 208/205 | V94: 233/235 | W94: 238/235 | X94: conc205 | Y94: conc235 | AI94: ET2535 | AJ94: 202/205 | AK94: 204/205 | AL94: 206/205 | AM94: 207/205 | AN94: 208/205 | AO94: 233/235 | AP94: 238/235 | AQ94: conc205 | AR94: conc235 | AT94: ET2535 | AU94: 202/205 | AV94: 204/205 | AW94: 206/205 | AX94: 207/205 | AY94: 208/205 | AZ94: 233/235 | BA94: 238/235 | BB94: conc205 | BC94: conc235
E95: 202/205 | F95: 1 | P95: 202/205 | Q95: 1 | AI95: 202/205 | AJ95: 1 | AT95: 202/205 | AU95: 1
E96: 204/205 | F96: =F84/SQRT(F83*G84) -> #DIV/0! | G96: 1 | P96: 204/205 | Q96: #DIV/0! | R96: 1 | AI96: 204/205 | AJ96: =AJ84/SQRT(AJ83*AK84) -> 0.0073968073 | AK96: 1 | AT96: 204/205 | AU96: 0.0073968073 | AV96: 1
E97: 206/205 | F97: =F85/SQRT(F83*H85) -> #DIV/0! | G97: =G85/SQRT(G84*H85) -> 0.98136747 | H97: 1 | P97: 206/205 | Q97: #DIV/0! | R97: 0.98136747 | S97: 1 | AI97: 206/205 | AJ97: =AJ85/SQRT(AJ83*AL85) -> 0.0080754679 | AK97: =AK85/SQRT(AK84*AL85) -> 0.99821228 | AL97: 1 | AT97: 206/205 | AU97: 0.0080754679 | AV97: 0.99821228 | AW97: 1
E98: 207/205 | F98: =F86/SQRT(F83*I86) -> #DIV/0! | G98: =G86/SQRT(G84*I86) -> 0.98993635 | H98: =H86/SQRT(H85*I86) -> 0.99210931 | I98: 1 | P98: 207/205 | Q98: #DIV/0! | R98: 0.98993635 | S98: 0.99210931 | T98: 1 | AI98: 207/205 | AJ98: =AJ86/SQRT(AJ83*AM86) -> 0.0079413624 | AK98: =AK86/SQRT(AK84*AM86) -> 0.99902226 | AL98: =AL86/SQRT(AL85*AM86) -> 0.99924239 | AM98: 1 | AT98: 207/205 | AU98: 0.0079413624 | AV98: 0.99902226 | AW98: 0.99924239 | AX98: 1
E99: 208/205 | F99: =F87/SQRT(F83*J87) -> #DIV/0! | G99: =G87/SQRT(G84*J87) -> 0.97547666 | H99: =H87/SQRT(H85*J87) -> 0.98822661 | I99: =I87/SQRT(I86*J87) -> 0.99261741 | J99: 1 | P99: 208/205 | Q99: #DIV/0! | R99: 0.97547666 | S99: 0.98822661 | T99: 0.99261741 | U99: 1 | AI99: 208/205 | AJ99: =AJ87/SQRT(AJ83*AN87) -> 0.0077350267 | AK99: =AK87/SQRT(AK84*AN87) -> 0.99757836 | AL99: =AL87/SQRT(AL85*AN87) -> 0.99883975 | AM99: =AM87/SQRT(AM86*AN87) -> 0.99925971 | AN99: 1 | AT99: 208/205 | AU99: 0.0077350267 | AV99: 0.99757836 | AW99: 0.99883975 | AX99: 0.99925971 | AY99: 1
E100: 233/235 | F100: =F88/SQRT(F83*K88) -> #DIV/0! | G100: =G88/SQRT(G84*K88) -> 0 | H100: =H88/SQRT(H85*K88) -> 0 | I100: =I88/SQRT(I86*K88) -> 0 | J100: =J88/SQRT(J87*K88) -> 0 | K100: 1 | P100: 233/235 | Q100: #DIV/0! | R100: 0 | S100: 0 | T100: 0 | U100: 0 | V100: 1 | AI100: 233/235 | AJ100: =AJ88/SQRT(AJ83*AO88) -> -0.014091602 | AK100: =AK88/SQRT(AK84*AO88) -> 0 | AL100: =AL88/SQRT(AL85*AO88) -> 0 | AM100: =AM88/SQRT(AM86*AO88) -> 0 | AN100: =AN88/SQRT(AN87*AO88) -> 0 | AO100: 1 | AT100: 233/235 | AU100: -0.014091602 | AV100: 0 | AW100: 0 | AX100: 0 | AY100: 0 | AZ100: 1
E101: 238/235 | F101: =F89/SQRT(F83*L89) -> #DIV/0! | G101: =G89/SQRT(G84*L89) -> 0 | H101: =H89/SQRT(H85*L89) -> 0 | I101: =I89/SQRT(I86*L89) -> 0 | J101: =J89/SQRT(J87*L89) -> 0 | K101: =K89/SQRT(K88*L89) -> -0.59385508 | L101: 1 | P101: 238/235 | Q101: #DIV/0! | R101: 0 | S101: 0 | T101: 0 | U101: 0 | V101: -0.59385508 | W101: 1 | AI101: 238/235 | AJ101: =AJ89/SQRT(AJ83*AP89) -> 0.026587107 | AK101: =AK89/SQRT(AK84*AP89) -> 0 | AL101: =AL89/SQRT(AL85*AP89) -> 0 | AM101: =AM89/SQRT(AM86*AP89) -> 0 | AN101: =AN89/SQRT(AN87*AP89) -> 0 | AO101: =AO89/SQRT(AO88*AP89) -> -0.59385508 | AP101: 1 | AT101: 238/235 | AU101: 0.026587107 | AV101: 0 | AW101: 0 | AX101: 0 | AY101: 0 | AZ101: -0.59385508 | BA101: 1
E102: conc205 | F102: =F90/SQRT(F83*M90) -> #DIV/0! | G102: =G90/SQRT(G84*M90) -> 0 | H102: =H90/SQRT(H85*M90) -> 0 | I102: =I90/SQRT(I86*M90) -> 0 | J102: =J90/SQRT(J87*M90) -> 0 | K102: =K90/SQRT(K88*M90) -> 0 | L102: =L90/SQRT(L89*M90) -> 0 | M102: 1 | P102: conc205 | Q102: #DIV/0! | R102: 0 | S102: 0 | T102: 0 | U102: 0 | V102: 0 | W102: 0 | X102: 1 | AI102: conc205 | AJ102: =AJ90/SQRT(AJ83*AQ90) -> 0 | AK102: =AK90/SQRT(AK84*AQ90) -> 0 | AL102: =AL90/SQRT(AL85*AQ90) -> 0 | AM102: =AM90/SQRT(AM86*AQ90) -> 0 | AN102: =AN90/SQRT(AN87*AQ90) -> 0 | AO102: =AO90/SQRT(AO88*AQ90) -> 0 | AP102: =AP90/SQRT(AP89*AQ90) -> 0 | AQ102: 1 | AT102: conc205 | AU102: 0 | AV102: 0 | AW102: 0 | AX102: 0 | AY102: 0 | AZ102: 0 | BA102: 0 | BB102: 1
E103: conc235 | F103: =F91/SQRT(F83*N91) -> #DIV/0! | G103: =G91/SQRT(G84*N91) -> -0.00060150755 | H103: =H91/SQRT(H85*N91) -> -0.00062552458 | I103: =I91/SQRT(I86*N91) -> -0.0006370722 | J103: =J91/SQRT(J87*N91) -> -0.000564938 | K103: =K91/SQRT(K88*N91) -> 0.032931715 | L103: =L91/SQRT(L89*N91) -> -0.021371496 | M103: =M91/SQRT(M90*N91) -> 0.99569906 | N103: 1 | P103: conc235 | Q103: #DIV/0! | R103: -0.00060150755 | S103: -0.00062552458 | T103: -0.0006370722 | U103: -0.000564938 | V103: 0.032931715 | W103: -0.021371496 | X103: 0.99569906 | Y103: 1 | AI103: conc235 | AJ103: =AJ91/SQRT(AJ83*AR91) -> -0.0847323 | AK103: =AK91/SQRT(AK84*AR91) -> -0.00059110209 | AL103: =AL91/SQRT(AL85*AR91) -> -0.00063613989 | AM103: =AM91/SQRT(AM86*AR91) -> -0.00064857498 | AN103: =AN91/SQRT(AN87*AR91) -> -0.00058532786 | AO103: =AO91/SQRT(AO88*AR91) -> 0.032931715 | AP103: =AP91/SQRT(AP89*AR91) -> -0.021371496 | AQ103: =AQ91/SQRT(AQ90*AR91) -> 0.99569906 | AR103: 1 | AT103: conc235 | AU103: -0.0847323 | AV103: -0.00059110209 | AW103: -0.00063613989 | AX103: -0.00064857498 | AY103: -0.00058532786 | AZ103: 0.032931715 | BA103: -0.021371496 | BB103: 0.99569906 | BC103: 1

Sheet covAll
A1: Covariance Matrix for MC trials (includes only systematic unct for 202/205 and 235/205) | C1: ET535 | G1: ET2535 | K1: RP DU | L1: CRM112a | M1: ET tracers | O1: NBS 981 | R1: NBS 982 | U1: Puratronic Pb | X1: ET | Y1: RP | Z1: JMM | AA1: ET tracers
C2: 204/205 | D2: 206/205 | E2: 207/205 | F2: 208/205 | G2: 204/205 | H2: 206/205 | I2: 207/205 | J2: 208/205 | K2: 238/235 | L2: 238/235 | M2: 233/235 | N2: 238/235 | O2: 204/206 | P2: 207/206 | Q2: 208/206 | R2: 204/206 | S2: 207/206 | T2: 208/206 | U2: 204/206 | V2: 207/206 | W2: 208/206 | X2: 206/238g | Y2: 206/238g | Z2: 206/238g | AA2: 202/205 | AB2: 235/205
A3: ET535 | B3: 204/205 | C3: 8.4401259e-11 | D3: 1.5541603e-09 | E3: 1.3041691e-09 | F3: 3.1932364e-09 | G3: 2.0206838e-12 | H3: 3.4280094e-11 | I3: 2.9582367e-11 | J3: 7.0834598e-11 | K3: 3.4511769e-09 | L3: 3.6041121e-09 | M3: -1.2805695e-11 | N3: -4.8913092e-15 | O3: -3.7990667e-13 | P3: 3.7607471e-12 | Q3: 1.5201564e-11 | R3: 1.5110591e-13 | S3: -1.0398825e-12 | T3: 1.7431024e-13 | U3: 1.2630877e-13 | V3: -1.7534032e-13 | W3: 1.3100978e-11 | X3: -1.8936122e-13 | Y3: -8.8776237e-13 | Z3: -5.192104e-13 | AA3: 2.8302868e-11 | AB3: -5.7932656e-09
B4: 206/205 | C4: 1.5541603e-09 | D4: 2.9643201e-08 | E4: 2.4477357e-08 | F4: 6.0583378e-08 | G4: 4.0956018e-11 | H4: 7.0629015e-10 | I4: 6.0856147e-10 | J4: 1.4691506e-09 | K4: 6.0096317e-08 | L4: 6.5224032e-08 | M4: -2.3167409e-10 | N4: 2.2899377e-14 | O4: 1.1732936e-12 | P4: 8.8824131e-12 | Q4: -5.7742548e-11 | R4: 7.6716014e-12 | S4: -3.8574072e-11 | T4: -9.4826056e-11 | U4: 1.2084213e-11 | V4: -6.2983466e-11 | W4: -1.5680446e-10 | X4: -2.0025418e-12 | Y4: -1.4432375e-11 | Z4: -3.4922031e-12 | AA4: 7.3438294e-10 | AB4: -1.2752518e-07
B5: 207/205 | C5: 1.3041691e-09 | D5: 2.4477357e-08 | E5: 2.0523433e-08 | F5: 5.061429e-08 | G5: 3.499379e-11 | H5: 6.0702033e-10 | I5: 5.2137398e-10 | J5: 1.2575324e-09 | K5: 4.3662818e-08 | L5: 5.4669682e-08 | M5: -1.9789096e-10 | N5: -2.3897245e-15 | O5: 6.4940111e-13 | P5: 6.7097011e-12 | Q5: -3.2522737e-11 | R5: 6.7188019e-12 | S5: -2.4440007e-11 | T5: -7.2843308e-11 | U5: 8.7644765e-12 | V5: -5.2497345e-11 | W5: -1.2180154e-10 | X5: -1.4669724e-12 | Y5: -1.0773309e-11 | Z5: -3.1505417e-12 | AA5: 6.2238338e-10 | AB5: -1.0127085e-07
B6: 208/205 | C6: 3.1932364e-09 | D6: 6.0583378e-08 | E6: 5.061429e-08 | F6: 1.2661291e-07 | G6: 8.3566949e-11 | H6: 1.4418618e-09 | I6: 1.2400239e-09 | J6: 2.9980738e-09 | K6: 3.8017982e-08 | L6: 1.1278997e-07 | M6: -4.0531615e-10 | N6: -1.5431809e-13 | O6: 2.8200402e-11 | P6: -1.6100223e-10 | Q6: -1.0667809e-09 | R6: 2.9807683e-11 | S6: -1.5251487e-10 | T6: -6.3397534e-10 | U6: 4.4902623e-11 | V6: -2.9339106e-10 | W6: -1.2691152e-09 | X6: 1.001418e-12 | Y6: -8.9572811e-12 | Z6: 3.0481589e-12 | AA6: 2.2038506e-09 | AB6: -2.8391472e-07
A7: ET2535 | B7: 204/205 | C7: 2.0206838e-12 | D7: 4.0956018e-11 | E7: 3.499379e-11 | F7: 8.3566949e-11 | G7: 8.7848722e-11 | H7: 1.5908858e-09 | I7: 1.3195772e-09 | J7: 3.202935e-09 | K7: -1.0413434e-09 | L7: -4.2772699e-10 | M7: 4.610964e-13 | N7: 5.5238195e-14 | O7: 1.6928661e-12 | P7: -1.0482122e-11 | Q7: -6.002277e-11 | R7: 4.2634161e-13 | S7: -1.0770441e-11 | T7: -5.076583e-11 | U7: 1.3565402e-12 | V7: -1.4901364e-11 | W7: -6.6227579e-11 | X7: 7.9686086e-14 | Y7: 1.2574539e-12 | Z7: 2.2737161e-12 | AA7: 1.7989514e-11 | AB7: -1.3624037e-09
B8: 206/205 | C8: 3.4280094e-11 | D8: 7.0629015e-10 | E8: 6.0702033e-10 | F8: 1.4418618e-09 | G8: 1.5908858e-09 | H8: 2.8907162e-08 | I8: 2.3940042e-08 | J8: 5.8160209e-08 | K8: -1.934794e-08 | L8: -8.1360571e-09 | M8: 1.5724234e-11 | N8: 1.1283289e-12 | O8: 3.1847588e-11 | P8: -1.9413496e-10 | Q8: -1.1238861e-09 | R8: 8.3536162e-12 | S8: -2.002014e-10 | T8: -9.3694742e-10 | U8: 2.5542971e-11 | V8: -2.7724439e-10 | W8: -1.2525555e-09 | X8: 1.7967597e-12 | Y8: 2.4772326e-11 | Z8: 4.1258938e-11 | AA8: 3.5607402e-10 | AB8: -2.6582354e-08
B9: 207/205 | C9: 2.9582367e-11 | D9: 6.0856147e-10 | E9: 5.2137398e-10 | F9: 1.2400239e-09 | G9: 1.3195772e-09 | H9: 2.3940042e-08 | I9: 1.9856214e-08 | J9: 4.822575e-08 | K9: -1.1940629e-08 | L9: -5.0733976e-09 | M9: 6.7713278e-12 | N9: 9.0507676e-13 | O9: 2.6790185e-11 | P9: -1.6487177e-10 | Q9: -9.4307706e-10 | R9: 6.8317153e-12 | S9: -1.6613193e-10 | T9: -7.7809227e-10 | U9: 2.1668274e-11 | V9: -2.3366394e-10 | W9: -1.0487836e-09 | X9: 1.4538143e-12 | Y9: 2.0021393e-11 | Z9: 3.4465114e-11 | AA9: 2.903031e-10 | AB9: -2.2469068e-08
B10: 208/205 | C10: 7.0834598e-11 | D10: 1.4691506e-09 | E10: 1.2575324e-09 | F10: 2.9980738e-09 | G10: 3.202935e-09 | H10: 5.8160209e-08 | I10: 4.822575e-08 | J10: 1.1728846e-07 | K10: -5.3169322e-08 | L10: -1.7021053e-08 | M10: 4.1774129e-11 | N10: 2.295849e-12 | O10: 6.5933468e-11 | P10: -3.9868408e-10 | Q10: -2.3101609e-09 | R10: 1.6666517e-11 | S10: -3.9809666e-10 | T10: -1.886617e-09 | U10: 5.2867495e-11 | V10: -5.7403646e-10 | W10: -2.5821352e-09 | X10: 3.6226966e-12 | Y10: 4.8111527e-11 | Z10: 8.3495968e-11 | AA10: 6.8800921e-10 | AB10: -4.9340079e-08
A11: RP DU | B11: 238/235 | C11: 3.4511769e-09 | D11: 6.0096317e-08 | E11: 4.3662818e-08 | F11: 3.8017982e-08 | G11: -1.0413434e-09 | H11: -1.934794e-08 | I11: -1.1940629e-08 | J11: -5.3169322e-08 | K11: 0.0018113428 | L11: 0.00041507187 | M11: -2.0409677e-06 | N11: 8.8730767e-09 | O11: 1.2401866e-08 | P11: -8.0622523e-08 | Q11: -4.3685561e-07 | R11: 3.4948632e-09 | S11: -3.7757072e-08 | T11: -1.5674446e-07 | U11: 9.7579239e-09 | V11: -7.4030033e-08 | W11: -3.770309e-07 | X11: 1.0829106e-09 | Y11: 3.9610695e-09 | Z11: 9.2126537e-09 | AA11: 2.6452497e-07 | AB11: -0.00032597222
A12: CRM112a | B12: 238/235 | C12: 3.6041121e-09 | D12: 6.5224032e-08 | E12: 5.4669682e-08 | F12: 1.1278997e-07 | G12: -4.2772699e-10 | H12: -8.1360571e-09 | I12: -5.0733976e-09 | J12: -1.7021053e-08 | K12: 0.00041507187 | L12: 0.0001387567 | M12: -5.7935923e-07 | N12: 2.536979e-09 | O12: 3.8214611e-09 | P12: -2.5699204e-08 | Q12: -1.2956384e-07 | R12: 9.6638648e-10 | S12: -1.1217973e-08 | T12: -4.4635861e-08 | U12: 2.1939988e-09 | V12: -2.570338e-08 | W12: -1.0101094e-07 | X12: 4.364312e-10 | Y12: 1.2951795e-09 | Z12: 2.3674294e-09 | AA12: 7.7278725e-08 | AB12: -9.2077836e-05
A13: ET tracers | B13: 233/235 | C13: -1.2805695e-11 | D13: -2.3167409e-10 | E13: -1.9789096e-10 | F13: -4.0531615e-10 | G13: 4.610964e-13 | H13: 1.5724234e-11 | I13: 6.7713278e-12 | J13: 4.1774129e-11 | K13: -2.0409677e-06 | L13: -5.7935923e-07 | M13: 2.8887958e-09 | N13: -1.2746879e-11 | O13: -9.9999114e-12 | P13: 6.9527887e-11 | Q13: 3.5290053e-10 | R13: -1.8290458e-12 | S13: 3.0169934e-11 | T13: 1.0450066e-10 | U13: -5.285282e-12 | V13: 6.6738635e-11 | W13: 2.444151e-10 | X13: -4.3269518e-13 | Y13: 3.5356352e-13 | Z13: -8.3390159e-12 | AA13: -2.0146104e-10 | AB13: 4.4618322e-07
B14: 238/235 | C14: -4.8913092e-15 | D14: 2.2899377e-14 | E14: -2.3897245e-15 | F14: -1.5431809e-13 | G14: 5.5238195e-14 | H14: 1.1283289e-12 | I14: 9.0507676e-13 | J14: 2.295849e-12 | K14: 8.8730767e-09 | L14: 2.536979e-09 | M14: -1.2746879e-11 | N14: 1.5818262e-13 | O14: 1.2628233e-13 | P14: -7.8251946e-13 | Q14: -4.3137158e-12 | R14: 4.9887236e-14 | S14: -4.2531536e-13 | T14: -1.8240737e-12 | U14: 1.1359948e-13 | V14: -7.0701693e-13 | W14: -4.1322022e-12 | X14: 1.6305043e-14 | Y14: 6.9284958e-14 | Z14: 9.5326714e-14 | AA14: 2.792701e-12 | AB14: -2.1274359e-09
A15: NBS 981 | B15: 204/206 | C15: -3.7990667e-13 | D15: 1.1732936e-12 | E15: 6.4940111e-13 | F15: 2.8200402e-11 | G15: 1.6928661e-12 | H15: 3.1847588e-11 | I15: 2.6790185e-11 | J15: 6.5933468e-11 | K15: 1.2401866e-08 | L15: 3.8214611e-09 | M15: -9.9999114e-12 | N15: 1.2628233e-13 | O15: 1.1933737e-10 | P15: -7.7283908e-10 | Q15: -4.260545e-09 | R15: 5.2061596e-11 | S15: -3.8983371e-10 | T15: -2.0055944e-09 | U15: 1.1144912e-10 | V15: -7.5654228e-10 | W15: -4.1914582e-09 | X15: 1.9989397e-11 | Y15: 8.9142028e-11 | Z15: 5.9715301e-11 | AA15: 2.8753492e-09 | AB15: -2.325822e-07
B16: 207/206 | C16: 3.7607471e-12 | D16: 8.8824131e-12 | E16: 6.7097011e-12 | F16: -1.6100223e-10 | G16: -1.0482122e-11 | H16: -1.9413496e-10 | I16: -1.6487177e-10 | J16: -3.9868408e-10 | K16: -8.0622523e-08 | L16: -2.5699204e-08 | M16: 6.9527887e-11 | N16: -7.8251946e-13 | O16: -7.7283908e-10 | P16: 5.2792034e-09 | Q16: 2.8373261e-08 | R16: -3.5447191e-10 | S16: 2.3898418e-09 | T16: 1.2696598e-08 | U16: -7.2940593e-10 | V16: 5.0249315e-09 | W16: 2.76824e-08 | X16: -1.3350924e-10 | Y16: -5.5962906e-10 | Z16: -3.9595691e-10 | AA16: -1.8908491e-08 | AB16: 1.4891812e-06
B17: 208/206 | C17: 1.5201564e-11 | D17: -5.7742548e-11 | E17: -3.2522737e-11 | F17: -1.0667809e-09 | G17: -6.002277e-11 | H17: -1.1238861e-09 | I17: -9.4307706e-10 | J17: -2.3101609e-09 | K17: -4.3685561e-07 | L17: -1.2956384e-07 | M17: 3.5290053e-10 | N17: -4.3137158e-12 | O17: -4.260545e-09 | P17: 2.8373261e-08 | Q17: 1.5515337e-07 | R17: -1.917171e-09 | S17: 1.3563823e-08 | T17: 7.1117986e-08 | U17: -4.0146536e-09 | V17: 2.7468859e-08 | W17: 1.5202305e-07 | X17: -7.2847917e-10 | Y17: -3.1468758e-09 | Z17: -2.1695982e-09 | AA17: -1.0402851e-07 | AB17: 8.2935988e-06
A18: NBS 982 | B18: 204/206 | C18: 1.5110591e-13 | D18: 7.6716014e-12 | E18: 6.7188019e-12 | F18: 2.9807683e-11 | G18: 4.2634161e-13 | H18: 8.3536162e-12 | I18: 6.8317153e-12 | J18: 1.6666517e-11 | K18: 3.4948632e-09 | L18: 9.6638648e-10 | M18: -1.8290458e-12 | N18: 4.9887236e-14 | O18: 5.2061596e-11 | P18: -3.5447191e-10 | Q18: -1.917171e-09 | R18: 2.6018844e-11 | S18: -1.5417582e-10 | T18: -8.4911595e-10 | U18: 4.9613982e-11 | V18: -3.4061043e-10 | W18: -1.8812044e-09 | X18: 9.0140597e-12 | Y18: 3.7199393e-11 | Z18: 2.6838083e-11 | AA18: 1.2796958e-09 | AB18: -9.9146642e-08
B19: 207/206 | C19: -1.0398825e-12 | D19: -3.8574072e-11 | E19: -2.4440007e-11 | F19: -1.5251487e-10 | G19: -1.0770441e-11 | H19: -2.002014e-10 | I19: -1.6613193e-10 | J19: -3.9809666e-10 | K19: -3.7757072e-08 | L19: -1.1217973e-08 | M19: 3.0169934e-11 | N19: -4.2531536e-13 | O19: -3.8983371e-10 | P19: 2.3898418e-09 | Q19: 1.3563823e-08 | R19: -1.5417582e-10 | S19: 1.6660945e-09 | T19: 7.30988e-09 | U19: -3.6278069e-10 | V19: 2.4511959e-09 | W19: 1.3531118e-08 | X19: -6.341015e-11 | Y19: -3.3546397e-10 | Z19: -1.9229909e-10 | AA19: -9.3983037e-09 | AB19: 8.3592055e-07
B20: 208/206 | C20: 1.7431024e-13 | D20: -9.4826056e-11 | E20: -7.2843308e-11 | F20: -6.3397534e-10 | G20: -5.076583e-11 | H20: -9.3694742e-10 | I20: -7.7809227e-10 | J20: -1.886617e-09 | K20: -1.5674446e-07 | L20: -4.4635861e-08 | M20: 1.0450066e-10 | N20: -1.8240737e-12 | O20: -2.0055944e-09 | P20: 1.2696598e-08 | Q20: 7.1117986e-08 | R20: -8.4911595e-10 | S20: 7.30988e-09 | T20: 3.6154634e-08 | U20: -1.8789187e-09 | V20: 1.2729472e-08 | W20: 7.056289e-08 | X20: -3.335086e-10 | Y20: -1.6225995e-09 | Z20: -1.0023019e-09 | AA20: -4.895551e-08 | AB20: 4.1048319e-06
A21: Puratronic Pb | B21: 204/206 | C21: 1.2630877e-13 | D21: 1.2084213e-11 | E21: 8.7644765e-12 | F21: 4.4902623e-11 | G21: 1.3565402e-12 | H21: 2.5542971e-11 | I21: 2.1668274e-11 | J21: 5.2867495e-11 | K21: 9.7579239e-09 | L21: 2.1939988e-09 | M21: -5.285282e-12 | N21: 1.1359948e-13 | O21: 1.1144912e-10 | P21: -7.2940593e-10 | Q21: -4.0146536e-09 | R21: 4.9613982e-11 | S21: -3.6278069e-10 | T21: -1.8789187e-09 | U21: 1.0961535e-10 | V21: -7.3272889e-10 | W21: -4.0363436e-09 | X21: 1.8833734e-11 | Y21: 8.3343702e-11 | Z21: 5.7563004e-11 | AA21: 2.7224502e-09 | AB21: -2.1870257e-07
B22: 207/206 | C22: -1.7534032e-13 | D22: -6.2983466e-11 | E22: -5.2497345e-11 | F22: -2.9339106e-10 | G22: -1.4901364e-11 | H22: -2.7724439e-10 | I22: -2.3366394e-10 | J22: -5.7403646e-10 | K22: -7.4030033e-08 | L22: -2.570338e-08 | M22: 6.6738635e-11 | N22: -7.0701693e-13 | O22: -7.5654228e-10 | P22: 5.0249315e-09 | Q22: 2.7468859e-08 | R22: -3.4061043e-10 | S22: 2.4511959e-09 | T22: 1.2729472e-08 | U22: -7.3272889e-10 | V22: 5.4375966e-09 | W22: 2.7677284e-08 | X22: -1.2870764e-10 | Y22: -5.6147218e-10 | Z22: -4.0016859e-10 | AA22: -1.8617636e-08 | AB22: 1.4864617e-06
B23: 208/206 | C23: 1.3100978e-11 | D23: -1.5680446e-10 | E23: -1.2180154e-10 | F23: -1.2691152e-09 | G23: -6.6227579e-11 | H23: -1.2525555e-09 | I23: -1.0487836e-09 | J23: -2.5821352e-09 | K23: -3.770309e-07 | L23: -1.0101094e-07 | M23: 2.444151e-10 | N23: -4.1322022e-12 | O23: -4.1914582e-09 | P23: 2.76824e-08 | Q23: 1.5202305e-07 | R23: -1.8812044e-09 | S23: 1.3531118e-08 | T23: 7.056289e-08 | U23: -4.0363436e-09 | V23: 2.7677284e-08 | W23: 1.5288175e-07 | X23: -7.1261941e-10 | Y23: -3.1202687e-09 | Z23: -2.1787127e-09 | AA23: -1.0291152e-07 | AB23: 8.2298089e-06
A24: ET | B24: 206/238g | C24: -1.8936122e-13 | D24: -2.0025418e-12 | E24: -1.4669724e-12 | F24: 1.001418e-12 | G24: 7.9686086e-14 | H24: 1.7967597e-12 | I24: 1.4538143e-12 | J24: 3.6226966e-12 | K24: 1.0829106e-09 | L24: 4.364312e-10 | M24: -4.3269518e-13 | N24: 1.6305043e-14 | O24: 1.9989397e-11 | P24: -1.3350924e-10 | Q24: -7.2847917e-10 | R24: 9.0140597e-12 | S24: -6.341015e-11 | T24: -3.335086e-10 | U24: 1.8833734e-11 | V24: -1.2870764e-10 | W24: -7.1261941e-10 | X24: 3.7154774e-12 | Y24: 1.6153904e-11 | Z24: 1.0160835e-11 | AA24: 4.8813948e-10 | AB24: -3.9795404e-08
A25: RP | B25: 206/238g | C25: -8.8776237e-13 | D25: -1.4432375e-11 | E25: -1.0773309e-11 | F25: -8.9572811e-12 | G25: 1.2574539e-12 | H25: 2.4772326e-11 | I25: 2.0021393e-11 | J25: 4.8111527e-11 | K25: 3.9610695e-09 | L25: 1.2951795e-09 | M25: 3.5356352e-13 | N25: 6.9284958e-14 | O25: 8.9142028e-11 | P25: -5.5962906e-10 | Q25: -3.1468758e-09 | R25: 3.7199393e-11 | S25: -3.3546397e-10 | T25: -1.6225995e-09 | U25: 8.3343702e-11 | V25: -5.6147218e-10 | W25: -3.1202687e-09 | X25: 1.6153904e-11 | Y25: 8.1298493e-11 | Z25: 4.4265971e-11 | AA25: 2.1679272e-09 | AB25: -1.893164e-07
A26: JMM | B26: 206/238g | C26: -5.192104e-13 | D26: -3.4922031e-12 | E26: -3.1505417e-12 | F26: 3.0481589e-12 | G26: 2.2737161e-12 | H26: 4.1258938e-11 | I26: 3.4465114e-11 | J26: 8.3495968e-11 | K26: 9.2126537e-09 | L26: 2.3674294e-09 | M26: -8.3390159e-12 | N26: 9.5326714e-14 | O26: 5.9715301e-11 | P26: -3.9595691e-10 | Q26: -2.1695982e-09 | R26: 2.6838083e-11 | S26: -1.9229909e-10 | T26: -1.0023019e-09 | U26: 5.7563004e-11 | V26: -4.0016859e-10 | W26: -2.1787127e-09 | X26: 1.0160835e-11 | Y26: 4.4265971e-11 | Z26: 3.4475665e-11 | AA26: 1.4678778e-09 | AB26: -1.1965074e-07
A27: ET tracers | B27: 202/205 | C27: 2.8302868e-11 | D27: 7.3438294e-10 | E27: 6.2238338e-10 | F27: 2.2038506e-09 | G27: 1.7989514e-11 | H27: 3.5607402e-10 | I27: 2.903031e-10 | J27: 6.8800921e-10 | K27: 2.6452497e-07 | L27: 7.7278725e-08 | M27: -2.0146104e-10 | N27: 2.792701e-12 | O27: 2.8753492e-09 | P27: -1.8908491e-08 | Q27: -1.0402851e-07 | R27: 1.2796958e-09 | S27: -9.3983037e-09 | T27: -4.895551e-08 | U27: 2.7224502e-09 | V27: -1.8617636e-08 | W27: -1.0291152e-07 | X27: 4.8813948e-10 | Y27: 2.1679272e-09 | Z27: 1.4678778e-09 | AA27: 7.0429689e-08 | AB27: -5.6676455e-06
B28: 235/205 | C28: -5.7932656e-09 | D28: -1.2752518e-07 | E28: -1.0127085e-07 | F28: -2.8391472e-07 | G28: -1.3624037e-09 | H28: -2.6582354e-08 | I28: -2.2469068e-08 | J28: -4.9340079e-08 | K28: -0.00032597222 | L28: -9.2077836e-05 | M28: 4.4618322e-07 | N28: -2.1274359e-09 | O28: -2.325822e-07 | P28: 1.4891812e-06 | Q28: 8.2935988e-06 | R28: -9.9146642e-08 | S28: 8.3592055e-07 | T28: 4.1048319e-06 | U28: -2.1870257e-07 | V28: 1.4864617e-06 | W28: 8.2298089e-06 | X28: -3.9795404e-08 | Y28: -1.893164e-07 | Z28: -1.1965074e-07 | AA28: -5.6676455e-06 | AB28: 0.00054242784
